grid,fcstDateTime,PCP,POP,PTY,REH,SKY,SNO,TMN,TMP,TMX,UUU,VEC,VVV,WAV,WSD
59_127,2026-09-30 10:00:00,강수없음,0.0,0.0,65.0,1.0,적설없음,,22.0,,1.4,227.0,1.3,0.0,2.0
59_127,2026-09-30 11:00:00,강수없음,0.0,0.0,60.0,1.0,적설없음,,24.0,,2.3,240.0,1.3,0.0,2.7
59_127,2026-09-30 12:00:00,강수없음,0.0,0.0,55.0,1.0,적설없음,,25.0,,2.5,237.0,1.6,0.0,3.1
59_127,2026-09-30 13:00:00,강수없음,0.0,0.0,45.0,1.0,적설없음,,25.0,,2.9,231.0,2.3,0.0,3.8
59_127,2026-09-30 14:00:00,강수없음,0.0,0.0,45.0,1.0,적설없음,,25.0,,3.1,237.0,2.0,0.0,3.8
59_127,2026-09-30 15:00:00,강수없음,0.0,0.0,45.0,1.0,적설없음,,25.0,,3.4,238.0,2.1,0.0,4.1
59_127,2026-09-30 16:00:00,강수없음,0.0,0.0,55.0,1.0,적설없음,,24.0,,3.3,236.0,2.2,0.0,4.1
59_127,2026-09-30 17:00:00,강수없음,20.0,0.0,65.0,3.0,적설없음,,23.0,,2.9,236.0,2.0,0.0,3.6
59_127,2026-09-30 18:00:00,1.0mm,60.0,1.0,70.0,4.0,적설없음,,22.0,,2.9,234.0,2.1,0.0,3.7
59_127,2026-09-30 19:00:00,3.0mm,60.0,1.0,85.0,4.0,적설없음,,21.0,,3.2,270.0,0.0,0.0,3.2
59_127,2026-09-30 20:00:00,2.0mm,60.0,1.0,85.0,4.0,적설없음,,20.0,,2.7,298.0,-1.4,0.0,3.1
59_127,2026-09-30 21:00:00,강수없음,30.0,0.0,80.0,4.0,적설없음,,19.0,,2.5,313.0,-2.3,0.0,3.5
59_127,2026-09-30 22:00:00,강수없음,20.0,0.0,75.0,3.0,적설없음,,18.0,,2.5,314.0,-2.5,0.0,3.6
59_127,2026-09-30 23:00:00,강수없음,0.0,0.0,65.0,1.0,적설없음,,18.0,,2.4,315.0,-2.4,0.0,3.5
59_127,2026-10-01 00:00:00,강수없음,0.0,0.0,65.0,1.0,적설없음,,17.0,,2.1,315.0,-2.1,0.0,3.1
59_127,2026-10-01 01:00:00,강수없음,0.0,0.0,60.0,1.0,적설없음,,16.0,,2.0,318.0,-2.3,0.0,3.1
59_127,2026-10-01 02:00:00,강수없음,0.0,0.0,55.0,1.0,적설없음,,16.0,,1.8,320.0,-2.2,0.0,2.9
59_127,2026-10-01 03:00:00,강수없음,0.0,0.0,55.0,1.0,적설없음,,15.0,,1.4,329.0,-2.4,0.0,2.9
59_127,2026-10-01 04:00:00,강수없음,0.0,0.0,55.0,1.0,적설없음,,14.0,,1.3,328.0,-2.2,0.0,2.6
59_127,2026-10-01 05:00:00,강수없음,0.0,0.0,50.0,1.0,적설없음,,13.0,,1.2,323.0,-1.6,0.0,2.1
59_127,2026-10-01 06:00:00,강수없음,30.0,0.0,55.0,4.0,적설없음,,12.0,,1.6,315.0,-1.6,0.0,2.4
59_127,2026-10-01 07:00:00,강수없음,30.0,0.0,50.0,4.0,적설없음,,12.0,,1.6,318.0,-1.7,0.0,2.4
59_127,2026-10-01 08:00:00,강수없음,30.0,0.0,45.0,4.0,적설없음,,14.0,,1.4,324.0,-2.0,0.0,2.5
59_127,2026-10-01 09:00:00,강수없음,20.0,0.0,35.0,3.0,적설없음,,16.0,,1.4,329.0,-2.4,0.0,2.9
59_127,2026-10-01 10:00:00,강수없음,0.0,0.0,30.0,1.0,적설없음,,18.0,,1.7,327.0,-2.7,0.0,3.3
59_127,2026-10-01 11:00:00,강수없음,0.0,0.0,25.0,1.0,적설없음,,19.0,,2.3,321.0,-2.9,0.0,3.8
59_127,2026-10-01 12:00:00,강수없음,0.0,0.0,25.0,1.0,적설없음,,20.0,,2.9,312.0,-2.6,0.0,4.0
59_127,2026-10-01 13:00:00,강수없음,0.0,0.0,30.0,1.0,적설없음,,21.0,,3.1,305.0,-2.1,0.0,3.8
59_127,2026-10-01 14:00:00,강수없음,0.0,0.0,30.0,1.0,적설없음,,21.0,,3.3,300.0,-1.9,0.0,3.9
59_127,2026-10-01 15:00:00,강수없음,0,0,35,1,적설없음,,21,,3,293,-1.2,0,3.3
59_127,2026-10-01 16:00:00,강수없음,0,0,40,1,적설없음,,21,,2.6,285,-0.6,0,2.7
59_127,2026-10-01 17:00:00,강수없음,0,0,45,1,적설없음,,20,,1.8,279,-0.2,0,1.9
59_127,2026-10-01 18:00:00,강수없음,0,0,50,1,적설없음,,18,,1.4,281,-0.2,0,1.5
59_127,2026-10-01 19:00:00,강수없음,0,0,50,1,적설없음,,17,,1.3,317,-1.4,0,2
59_127,2026-10-01 20:00:00,강수없음,0,0,45,1,적설없음,,16,,1.3,325,-1.9,0,2.4
59_127,2026-10-01 21:00:00,강수없음,0,0,45,1,적설없음,,15,,1.3,322,-1.7,0,2.2
59_127,2026-10-01 22:00:00,강수없음,0,0,50,1,적설없음,,15,,1,315,-1,0,1.5
59_127,2026-10-01 23:00:00,강수없음,0,0,55,1,적설없음,,14,,1.2,305,-0.8,0,1.5
59_127,2026-10-02 00:00:00,강수없음,0,0,55,1,적설없음,,13,,1,312,-0.9,0,1.4
59_127,2026-10-02 01:00:00,강수없음,0,0,60,1,적설없음,,13,,1.1,313,-1,0,1.6
59_127,2026-10-02 02:00:00,강수없음,0,0,60,1,적설없음,,12,,1,317,-1.1,0,1.6
59_127,2026-10-02 03:00:00,강수없음,0,0,60,1,적설없음,,12,,1,315,-1,0,1.5
59_127,2026-10-02 04:00:00,강수없음,0,0,60,1,적설없음,,11,,1.1,313,-1,0,1.6
59_127,2026-10-02 05:00:00,강수없음,0,0,60,1,적설없음,,11,,0.9,322,-1.2,0,1.6
59_127,2026-10-02 06:00:00,강수없음,0,0,60,1,적설없음,10.0,11,,0.9,322,-1.2,0,1.6
59_127,2026-10-02 07:00:00,강수없음,0,0,60,1,적설없음,,11,,0.9,322,-1.2,0,1.6
59_127,2026-10-02 08:00:00,강수없음,0,0,55,1,적설없음,,12,,1,325,-1.5,0,1.9
59_127,2026-10-02 09:00:00,강수없음,0,0,45,1,적설없음,,15,,1.4,329,-2.4,0,2.9
59_127,2026-10-02 10:00:00,강수없음,0,0,35,1,적설없음,,17,,1.8,328,-2.8,0,3.4
59_127,2026-10-02 11:00:00,강수없음,0,0,35,1,적설없음,,19,,1.9,327,-3,0,3.6
59_127,2026-10-02 12:00:00,강수없음,0,0,35,1,적설없음,,20,,2,327,-3.1,0,3.8
59_127,2026-10-02 13:00:00,강수없음,0,0,30,1,적설없음,,21,,1.9,327,-3,0,3.6
59_127,2026-10-02 14:00:00,강수없음,0,0,30,1,적설없음,,21,,2,325,-2.8,0,3.5
59_127,2026-10-02 15:00:00,강수없음,0,0,30,1,적설없음,,21,21.0,1.8,323,-2.4,0,3.1
59_127,2026-10-02 16:00:00,강수없음,0,0,35,1,적설없음,,21,,1.7,321,-2.1,0,2.8
59_127,2026-10-02 17:00:00,강수없음,0,0,35,1,적설없음,,19,,1.3,317,-1.4,0,2
59_127,2026-10-02 18:00:00,강수없음,0,0,45,1,적설없음,,18,,0.8,318,-0.9,0,1.3
59_127,2026-10-02 19:00:00,강수없음,0,0,50,1,적설없음,,16,,0.7,315,-0.7,0,1.1
59_127,2026-10-02 20:00:00,강수없음,0,0,55,1,적설없음,,15,,0.4,330,-0.6,0,0.8
59_127,2026-10-02 21:00:00,강수없음,0,0,55,1,적설없음,,15,,0.4,330,-0.6,0,0.8
59_127,2026-10-02 22:00:00,강수없음,0,0,60,1,적설없음,,14,,0.2,337,-0.6,0,0.7
59_127,2026-10-02 23:00:00,강수없음,0,0,65,1,적설없음,,13,,0.4,330,-0.6,0,0.8
59_127,2026-10-03 00:00:00,강수없음,0,0,65,1,적설없음,,12,,0,351,-0.5,0,0.6
59_127,2026-10-03 01:00:00,강수없음,0,0,70,1,적설없음,,12,,0,352,-0.6,0,0.7
59_127,2026-10-03 02:00:00,강수없음,0,0,70,1,적설없음,,11,,0,0,-0.8,0,0.8
59_127,2026-10-03 03:00:00,강수없음,0,0,70,1,적설없음,,11,,0,0,-0.5,0,0.5
59_127,2026-10-03 04:00:00,강수없음,0,0,70,1,적설없음,,10,,0,0,-0.2,0,0.2
59_127,2026-10-03 05:00:00,강수없음,0,0,75,1,적설없음,,10,,0,45,0,0,0.1
59_127,2026-10-03 06:00:00,강수없음,0,0,75,1,적설없음,10.0,10,,-0.2,90,0,0,0.3
59_127,2026-10-03 07:00:00,강수없음,0,0,75,1,적설없음,,10,,-0.3,90,0,0,0.4
59_127,2026-10-03 08:00:00,강수없음,0,0,65,1,적설없음,,12,,-0.7,90,0,0,0.8
59_127,2026-10-03 09:00:00,강수없음,0,0,55,1,적설없음,,15,,-0.9,90,0,0,1
59_127,2026-10-03 10:00:00,강수없음,20,0,45,3,적설없음,,17,,-0.5,106,0.1,0,0.7
59_127,2026-10-03 11:00:00,강수없음,30,0,40,4,적설없음,,19,,-0.4,135,0.5,0,0.8
59_127,2026-10-03 12:00:00,강수없음,30,0,35,4,적설없음,,20,,-0.3,148,0.7,0,0.9
59_127,2026-10-03 13:00:00,강수없음,30,0,35,4,적설없음,,21,,-0.3,153,0.9,0,1.1
59_127,2026-10-03 14:00:00,강수없음,30,0,35,4,적설없음,,21,,-0.2,158,0.9,0,1
59_127,2026-10-03 15:00:00,강수없음,30,0,30,4,적설없음,,22,22.0,0,171,1.1,0,1.2
59_127,2026-10-03 16:00:00,강수없음,30,0,35,4,적설없음,,21,,0,170,1,0,1.1
59_127,2026-10-03 17:00:00,강수없음,30,0,35,4,적설없음,,21,,0,174,0.9,0,1
59_127,2026-10-03 18:00:00,강수없음,30,0,45,4,적설없음,,19,,0,180,0.5,0,0.5
59_127,2026-10-03 19:00:00,강수없음,30,0,55,4,적설없음,,17,,0,180,0.2,0,0.2
59_127,2026-10-03 20:00:00,강수없음,30,0,60,4,적설없음,,16,,-0.4,90,0,0,0.5
59_127,2026-10-03 21:00:00,강수없음,0,0,60,1,적설없음,,16,,-0.5,90,0,0,0.6
59_127,2026-10-03 22:00:00,강수없음,0,0,65,1,적설없음,,15,,-0.7,90,0,0,0.8
59_127,2026-10-03 23:00:00,강수없음,0,0,65,1,적설없음,,14,,-1.1,90,0,0,1.2
59_127,2026-10-04 00:00:00,강수없음,0,0,65,1,적설없음,,14,,-1.1,90,0,0,1.2
59_127,2026-10-04 03:00:00,0,0,0,75,1,0,,14,,-1.1,94,0,0,1
59_127,2026-10-04 06:00:00,0,20,0,75,3,0,14.0,14,,-1.3,101,0.2,0,1
59_127,2026-10-04 09:00:00,0,20,0,65,3,0,,17,,-1.5,103,0.3,0,1
59_127,2026-10-04 12:00:00,0,10,0,45,3,0,,21,,-1.1,149,2.1,0,1
59_127,2026-10-04 15:00:00,0,10,0,45,3,0,,23,23.0,0.1,182,2.8,0,1
59_127,2026-10-04 18:00:00,0,10,0,60,1,0,,19,,0.8,201,2.3,0,1
59_127,2026-10-04 21:00:00,0,20,0,75,3,0,,17,,0.9,218,1.2,0,1
59_128,2026-09-30 10:00:00,강수없음,0.0,0.0,65.0,1.0,적설없음,,22.0,,1.3,219.0,1.7,0.0,2.2
59_128,2026-09-30 11:00:00,강수없음,0.0,0.0,55.0,1.0,적설없음,,23.0,,2.1,232.0,1.6,0.0,2.7
59_128,2026-09-30 12:00:00,강수없음,0.0,0.0,50.0,1.0,적설없음,,25.0,,2.3,233.0,1.8,0.0,3.0
59_128,2026-09-30 13:00:00,강수없음,0.0,0.0,45.0,1.0,적설없음,,25.0,,2.7,228.0,2.4,0.0,3.7
59_128,2026-09-30 14:00:00,강수없음,0.0,0.0,45.0,1.0,적설없음,,26.0,,3.2,234.0,2.3,0.0,4.0
59_128,2026-09-30 15:00:00,강수없음,0.0,0.0,45.0,1.0,적설없음,,26.0,,3.3,234.0,2.4,0.0,4.2
59_128,2026-09-30 16:00:00,강수없음,0.0,0.0,55.0,1.0,적설없음,,25.0,,3.3,232.0,2.6,0.0,4.3
59_128,2026-09-30 17:00:00,강수없음,30.0,0.0,65.0,4.0,적설없음,,24.0,,3.2,239.0,1.9,0.0,3.8
59_128,2026-09-30 18:00:00,1.0mm,60.0,1.0,75.0,4.0,적설없음,,22.0,,3.3,238.0,2.0,0.0,3.9
59_128,2026-09-30 19:00:00,3.0mm,60.0,1.0,85.0,4.0,적설없음,,20.0,,3.1,277.0,-0.3,0.0,3.2
59_128,2026-09-30 20:00:00,2.0mm,60.0,1.0,85.0,4.0,적설없음,,19.0,,2.8,300.0,-1.6,0.0,3.3
59_128,2026-09-30 21:00:00,강수없음,30.0,0.0,85.0,4.0,적설없음,,18.0,,2.6,313.0,-2.4,0.0,3.6
59_128,2026-09-30 22:00:00,강수없음,20.0,0.0,75.0,3.0,적설없음,,17.0,,2.6,314.0,-2.5,0.0,3.7
59_128,2026-09-30 23:00:00,강수없음,0.0,0.0,70.0,1.0,적설없음,,17.0,,2.5,313.0,-2.3,0.0,3.5
59_128,2026-10-01 00:00:00,강수없음,0.0,0.0,65.0,1.0,적설없음,,16.0,,2.3,312.0,-2.0,0.0,3.1
59_128,2026-10-01 01:00:00,강수없음,0.0,0.0,60.0,1.0,적설없음,,15.0,,2.0,318.0,-2.3,0.0,3.1
59_128,2026-10-01 02:00:00,강수없음,0.0,0.0,60.0,1.0,적설없음,,14.0,,1.7,324.0,-2.4,0.0,3.0
59_128,2026-10-01 03:00:00,강수없음,0.0,0.0,60.0,1.0,적설없음,,13.0,,1.4,329.0,-2.4,0.0,2.9
59_128,2026-10-01 04:00:00,강수없음,0.0,0.0,55.0,1.0,적설없음,,12.0,,1.3,328.0,-2.2,0.0,2.6
59_128,2026-10-01 05:00:00,강수없음,0.0,0.0,50.0,1.0,적설없음,,11.0,,1.1,325.0,-1.6,0.0,2.0
59_128,2026-10-01 06:00:00,강수없음,30.0,0.0,55.0,4.0,적설없음,,12.0,,1.5,317.0,-1.6,0.0,2.3
59_128,2026-10-01 07:00:00,강수없음,30.0,0.0,50.0,4.0,적설없음,,12.0,,1.2,326.0,-1.9,0.0,2.3
59_128,2026-10-01 08:00:00,강수없음,30.0,0.0,45.0,4.0,적설없음,,13.0,,1.3,326.0,-2.0,0.0,2.5
59_128,2026-10-01 09:00:00,강수없음,20.0,0.0,35.0,3.0,적설없음,,16.0,,1.1,335.0,-2.5,0.0,2.8
59_128,2026-10-01 10:00:00,강수없음,0.0,0.0,25.0,1.0,적설없음,,18.0,,1.6,330.0,-2.7,0.0,3.2
59_128,2026-10-01 11:00:00,강수없음,0.0,0.0,25.0,1.0,적설없음,,19.0,,2.2,321.0,-2.7,0.0,3.6
59_128,2026-10-01 12:00:00,강수없음,0.0,0.0,25.0,1.0,적설없음,,20.0,,2.8,313.0,-2.6,0.0,3.9
59_128,2026-10-01 13:00:00,강수없음,0.0,0.0,30.0,1.0,적설없음,,21.0,,3.1,303.0,-2.0,0.0,3.8
59_128,2026-10-01 14:00:00,강수없음,0.0,0.0,30.0,1.0,적설없음,,21.0,,3.4,300.0,-2.0,0.0,4.0
59_128,2026-10-01 15:00:00,강수없음,0,0,30,1,적설없음,,21,,2.8,294,-1.2,0,3.1
59_128,2026-10-01 16:00:00,강수없음,0,0,35,1,적설없음,,21,,2.5,287,-0.7,0,2.7
59_128,2026-10-01 17:00:00,강수없음,0,0,40,1,적설없음,,20,,1.9,287,-0.5,0,2
59_128,2026-10-01 18:00:00,강수없음,0,0,50,1,적설없음,,18,,1.4,292,-0.5,0,1.6
59_128,2026-10-01 19:00:00,강수없음,0,0,50,1,적설없음,,16,,1.3,321,-1.7,0,2.2
59_128,2026-10-01 20:00:00,강수없음,0,0,45,1,적설없음,,15,,1.6,321,-2,0,2.7
59_128,2026-10-01 21:00:00,강수없음,0,0,45,1,적설없음,,14,,1.4,322,-1.8,0,2.4
59_128,2026-10-01 22:00:00,강수없음,0,0,50,1,적설없음,,14,,1.1,313,-1,0,1.6
59_128,2026-10-01 23:00:00,강수없음,0,0,55,1,적설없음,,13,,1.2,308,-0.9,0,1.6
59_128,2026-10-02 00:00:00,강수없음,0,0,60,1,적설없음,,12,,1,315,-1,0,1.5
59_128,2026-10-02 01:00:00,강수없음,0,0,60,1,적설없음,,12,,1,317,-1.1,0,1.6
59_128,2026-10-02 02:00:00,강수없음,0,0,60,1,적설없음,,11,,1,317,-1.1,0,1.6
59_128,2026-10-02 03:00:00,강수없음,0,0,60,1,적설없음,,10,,0.9,322,-1.2,0,1.6
59_128,2026-10-02 04:00:00,강수없음,0,0,60,1,적설없음,,10,,1,315,-1,0,1.5
59_128,2026-10-02 05:00:00,강수없음,0,0,60,1,적설없음,,10,,0.9,323,-1.1,0,1.5
59_128,2026-10-02 06:00:00,강수없음,0,0,60,1,적설없음,10.0,10,,0.7,326,-1.1,0,1.4
59_128,2026-10-02 07:00:00,강수없음,0,0,60,1,적설없음,,10,,0.8,325,-1.2,0,1.5
59_128,2026-10-02 08:00:00,강수없음,0,0,55,1,적설없음,,12,,1.1,328,-1.8,0,2.2
59_128,2026-10-02 09:00:00,강수없음,0,0,45,1,적설없음,,15,,1.6,328,-2.6,0,3.1
59_128,2026-10-02 10:00:00,강수없음,0,0,35,1,적설없음,,17,,1.8,328,-2.9,0,3.5
59_128,2026-10-02 11:00:00,강수없음,0,0,35,1,적설없음,,19,,1.9,329,-3.1,0,3.7
59_128,2026-10-02 12:00:00,강수없음,0,0,30,1,적설없음,,20,,1.9,329,-3.2,0,3.8
59_128,2026-10-02 13:00:00,강수없음,0,0,30,1,적설없음,,21,,1.9,327,-3,0,3.6
59_128,2026-10-02 14:00:00,강수없음,0,0,30,1,적설없음,,21,,2,325,-2.8,0,3.5
59_128,2026-10-02 15:00:00,강수없음,0,0,30,1,적설없음,,21,21.0,1.9,320,-2.3,0,3.1
59_128,2026-10-02 16:00:00,강수없음,0,0,30,1,적설없음,,21,,1.6,321,-2,0,2.7
59_128,2026-10-02 17:00:00,강수없음,0,0,35,1,적설없음,,19,,1.4,317,-1.5,0,2.1
59_128,2026-10-02 18:00:00,강수없음,0,0,45,1,적설없음,,17,,0.9,323,-1.1,0,1.5
59_128,2026-10-02 19:00:00,강수없음,0,0,50,1,적설없음,,15,,0.7,321,-0.9,0,1.2
59_128,2026-10-02 20:00:00,강수없음,0,0,55,1,적설없음,,14,,0.4,333,-0.9,0,1.1
59_128,2026-10-02 21:00:00,강수없음,0,0,55,1,적설없음,,13,,0.3,336,-0.8,0,0.9
59_128,2026-10-02 22:00:00,강수없음,0,0,60,1,적설없음,,13,,0.2,342,-0.8,0,0.9
59_128,2026-10-02 23:00:00,강수없음,0,0,65,1,적설없음,,12,,0.2,337,-0.6,0,0.7
59_128,2026-10-03 00:00:00,강수없음,0,0,65,1,적설없음,,11,,0,352,-0.6,0,0.7
59_128,2026-10-03 01:00:00,강수없음,0,0,70,1,적설없음,,11,,0,0,-0.8,0,0.8
59_128,2026-10-03 02:00:00,강수없음,0,0,70,1,적설없음,,10,,0,0,-0.9,0,0.9
59_128,2026-10-03 03:00:00,강수없음,0,0,70,1,적설없음,,10,,0,0,-0.3,0,0.3
59_128,2026-10-03 04:00:00,강수없음,0,0,75,1,적설없음,,9,,0,0,-0.2,0,0.2
59_128,2026-10-03 05:00:00,강수없음,0,0,75,1,적설없음,,9,,-0.2,90,0,0,0.3
59_128,2026-10-03 06:00:00,강수없음,0,0,75,1,적설없음,9.0,9,,-0.5,90,0,0,0.6
59_128,2026-10-03 07:00:00,강수없음,0,0,75,1,적설없음,,9,,-0.8,90,0,0,0.9
59_128,2026-10-03 08:00:00,강수없음,0,0,65,1,적설없음,,11,,-0.8,90,0,0,0.9
59_128,2026-10-03 09:00:00,강수없음,0,0,55,1,적설없음,,15,,-0.7,90,0,0,0.8
59_128,2026-10-03 10:00:00,강수없음,20,0,45,3,적설없음,,17,,-0.7,114,0.3,0,0.9
59_128,2026-10-03 11:00:00,강수없음,30,0,40,4,적설없음,,19,,-0.6,135,0.7,0,1.1
59_128,2026-10-03 12:00:00,강수없음,30,0,35,4,적설없음,,20,,-0.6,141,0.9,0,1.2
59_128,2026-10-03 13:00:00,강수없음,30,0,35,4,적설없음,,21,,-0.3,159,1.2,0,1.3
59_128,2026-10-03 14:00:00,강수없음,0,0,30,1,적설없음,,21,,-0.2,162,1.1,0,1.2
59_128,2026-10-03 15:00:00,강수없음,30,0,30,4,적설없음,,22,22.0,-0.2,162,1.1,0,1.2
59_128,2026-10-03 16:00:00,강수없음,30,0,30,4,적설없음,,22,,-0.1,166,1.1,0,1.2
59_128,2026-10-03 17:00:00,강수없음,30,0,35,4,적설없음,,20,,-0.1,162,0.8,0,0.9
59_128,2026-10-03 18:00:00,강수없음,30,0,45,4,적설없음,,18,,0,180,0.4,0,0.4
59_128,2026-10-03 19:00:00,강수없음,30,0,55,4,적설없음,,16,,0,180,0.1,0,0.1
59_128,2026-10-03 20:00:00,강수없음,30,0,60,4,적설없음,,15,,-0.3,90,0,0,0.4
59_128,2026-10-03 21:00:00,강수없음,0,0,60,1,적설없음,,14,,-0.4,90,0,0,0.5
59_128,2026-10-03 22:00:00,강수없음,0,0,65,1,적설없음,,14,,-0.9,90,0,0,1
59_128,2026-10-03 23:00:00,강수없음,0,0,65,1,적설없음,,13,,-1.1,90,0,0,1.2
59_128,2026-10-04 00:00:00,강수없음,0,0,70,1,적설없음,,13,,-1.2,94,0,0,1.4
59_128,2026-10-04 03:00:00,0,0,0,75,1,0,,13,,-1.2,98,0.1,0,1
59_128,2026-10-04 06:00:00,0,20,0,75,3,0,13.0,13,,-1.6,106,0.4,0,1
59_128,2026-10-04 09:00:00,0,20,0,65,3,0,,17,,-2,110,0.7,0,1
59_128,2026-10-04 12:00:00,0,10,0,45,3,0,,21,,-1.2,148,2.2,0,1
59_128,2026-10-04 15:00:00,0,10,0,45,1,0,,23,23.0,0.1,182,2.9,0,1
59_128,2026-10-04 18:00:00,0,10,0,60,1,0,,19,,0.8,200,2.4,0,1
59_128,2026-10-04 21:00:00,0,20,0,80,3,0,,16,,0.9,217,1.1,0,1
59_129,2026-09-30 10:00:00,강수없음,0.0,0.0,65.0,1.0,적설없음,,22.0,,1.3,218.0,1.7,0.0,2.2
59_129,2026-09-30 11:00:00,강수없음,0.0,0.0,60.0,1.0,적설없음,,23.0,,2.1,231.0,1.7,0.0,2.8
59_129,2026-09-30 12:00:00,강수없음,0.0,0.0,55.0,1.0,적설없음,,25.0,,2.3,228.0,2.0,0.0,3.1
59_129,2026-09-30 13:00:00,강수없음,0.0,0.0,50.0,1.0,적설없음,,26.0,,2.8,228.0,2.5,0.0,3.8
59_129,2026-09-30 14:00:00,강수없음,0.0,0.0,45.0,1.0,적설없음,,26.0,,3.4,236.0,2.3,0.0,4.2
59_129,2026-09-30 15:00:00,강수없음,0.0,0.0,45.0,1.0,적설없음,,26.0,,3.6,237.0,2.3,0.0,4.4
59_129,2026-09-30 16:00:00,강수없음,0.0,0.0,55.0,1.0,적설없음,,25.0,,3.5,235.0,2.4,0.0,4.3
59_129,2026-09-30 17:00:00,강수없음,30.0,0.0,65.0,4.0,적설없음,,23.0,,3.2,239.0,1.9,0.0,3.8
59_129,2026-09-30 18:00:00,2.0mm,60.0,1.0,75.0,4.0,적설없음,,22.0,,3.4,240.0,2.0,0.0,4.0
59_129,2026-09-30 19:00:00,9.0mm,60.0,1.0,85.0,4.0,적설없음,,20.0,,3.2,279.0,-0.5,0.0,3.3
59_129,2026-09-30 20:00:00,2.0mm,60.0,1.0,90.0,4.0,적설없음,,19.0,,2.9,301.0,-1.7,0.0,3.4
59_129,2026-09-30 21:00:00,강수없음,30.0,0.0,85.0,4.0,적설없음,,18.0,,2.7,312.0,-2.4,0.0,3.7
59_129,2026-09-30 22:00:00,강수없음,0.0,0.0,80.0,1.0,적설없음,,17.0,,2.5,315.0,-2.5,0.0,3.6
59_129,2026-09-30 23:00:00,강수없음,0.0,0.0,75.0,1.0,적설없음,,17.0,,2.4,315.0,-2.4,0.0,3.5
59_129,2026-10-01 00:00:00,강수없음,0.0,0.0,70.0,1.0,적설없음,,16.0,,2.1,314.0,-2.0,0.0,3.0
59_129,2026-10-01 01:00:00,강수없음,0.0,0.0,65.0,1.0,적설없음,,15.0,,2.0,318.0,-2.3,0.0,3.1
59_129,2026-10-01 02:00:00,강수없음,0.0,0.0,60.0,1.0,적설없음,,14.0,,1.6,327.0,-2.5,0.0,3.1
59_129,2026-10-01 03:00:00,강수없음,0.0,0.0,60.0,1.0,적설없음,,14.0,,1.5,330.0,-2.5,0.0,3.0
59_129,2026-10-01 04:00:00,강수없음,0.0,0.0,55.0,1.0,적설없음,,13.0,,1.1,333.0,-2.3,0.0,2.6
59_129,2026-10-01 05:00:00,강수없음,0.0,0.0,50.0,1.0,적설없음,,12.0,,0.8,336.0,-1.9,0.0,2.1
59_129,2026-10-01 06:00:00,강수없음,30.0,0.0,55.0,4.0,적설없음,,11.0,,1.2,326.0,-1.9,0.0,2.3
59_129,2026-10-01 07:00:00,강수없음,30.0,0.0,50.0,4.0,적설없음,,11.0,,1.0,331.0,-1.9,0.0,2.2
59_129,2026-10-01 08:00:00,강수없음,30.0,0.0,45.0,4.0,적설없음,,13.0,,0.9,337.0,-2.3,0.0,2.5
59_129,2026-10-01 09:00:00,강수없음,0.0,0.0,40.0,1.0,적설없음,,16.0,,0.9,338.0,-2.4,0.0,2.6
59_129,2026-10-01 10:00:00,강수없음,0.0,0.0,30.0,1.0,적설없음,,18.0,,1.4,332.0,-2.7,0.0,3.1
59_129,2026-10-01 11:00:00,강수없음,0.0,0.0,25.0,1.0,적설없음,,19.0,,2.1,323.0,-2.8,0.0,3.6
59_129,2026-10-01 12:00:00,강수없음,0.0,0.0,30.0,1.0,적설없음,,20.0,,2.7,313.0,-2.5,0.0,3.8
59_129,2026-10-01 13:00:00,강수없음,0.0,0.0,30.0,1.0,적설없음,,21.0,,3.3,302.0,-2.0,0.0,3.9
59_129,2026-10-01 14:00:00,강수없음,0.0,0.0,35.0,1.0,적설없음,,21.0,,3.4,300.0,-2.0,0.0,4.0
59_129,2026-10-01 15:00:00,강수없음,0,0,35,1,적설없음,,21,,3,296,-1.4,0,3.4
59_129,2026-10-01 16:00:00,강수없음,0,0,40,1,적설없음,,21,,2.7,290,-0.9,0,2.9
59_129,2026-10-01 17:00:00,강수없음,0,0,45,1,적설없음,,20,,2,288,-0.6,0,2.2
59_129,2026-10-01 18:00:00,강수없음,0,0,50,1,적설없음,,18,,1.6,298,-0.8,0,1.9
59_129,2026-10-01 19:00:00,강수없음,0,0,45,1,적설없음,,16,,1.6,315,-1.6,0,2.4
59_129,2026-10-01 20:00:00,강수없음,0,0,45,1,적설없음,,15,,1.8,318,-2,0,2.8
59_129,2026-10-01 21:00:00,강수없음,0,0,50,1,적설없음,,14,,1.4,320,-1.7,0,2.3
59_129,2026-10-01 22:00:00,강수없음,0,0,50,1,적설없음,,13,,1.2,313,-1.1,0,1.7
59_129,2026-10-01 23:00:00,강수없음,0,0,55,1,적설없음,,13,,1.2,308,-0.9,0,1.6
59_129,2026-10-02 00:00:00,강수없음,0,0,60,1,적설없음,,12,,1,317,-1.1,0,1.6
59_129,2026-10-02 01:00:00,강수없음,0,0,60,1,적설없음,,12,,1,320,-1.3,0,1.7
59_129,2026-10-02 02:00:00,강수없음,0,0,60,1,적설없음,,11,,1,326,-1.4,0,1.8
59_129,2026-10-02 03:00:00,강수없음,0,0,60,1,적설없음,,11,,0.8,330,-1.3,0,1.6
59_129,2026-10-02 04:00:00,강수없음,0,0,60,1,적설없음,,10,,0.8,330,-1.3,0,1.6
59_129,2026-10-02 05:00:00,강수없음,0,0,60,1,적설없음,,10,,0.8,330,-1.3,0,1.6
59_129,2026-10-02 06:00:00,강수없음,0,0,60,1,적설없음,9.0,9,,0.7,333,-1.5,0,1.7
59_129,2026-10-02 07:00:00,강수없음,0,0,60,1,적설없음,,10,,0.6,339,-1.7,0,1.9
59_129,2026-10-02 08:00:00,강수없음,0,0,55,1,적설없음,,12,,0.9,335,-2,0,2.3
59_129,2026-10-02 09:00:00,강수없음,0,0,45,1,적설없음,,15,,1.4,334,-2.8,0,3.2
59_129,2026-10-02 10:00:00,강수없음,0,0,40,1,적설없음,,17,,1.8,328,-2.9,0,3.5
59_129,2026-10-02 11:00:00,강수없음,0,0,35,1,적설없음,,19,,1.9,329,-3.1,0,3.7
59_129,2026-10-02 12:00:00,강수없음,0,0,35,1,적설없음,,20,,2,330,-3.4,0,4
59_129,2026-10-02 13:00:00,강수없음,0,0,30,1,적설없음,,20,,1.9,327,-3,0,3.6
59_129,2026-10-02 14:00:00,강수없음,0,0,35,1,적설없음,,21,,2.2,322,-2.9,0,3.7
59_129,2026-10-02 15:00:00,강수없음,0,0,30,1,적설없음,,21,21.0,2,322,-2.6,0,3.4
59_129,2026-10-02 16:00:00,강수없음,0,0,35,1,적설없음,,20,,1.7,321,-2.1,0,2.8
59_129,2026-10-02 17:00:00,강수없음,0,0,35,1,적설없음,,19,,1.4,317,-1.5,0,2.1
59_129,2026-10-02 18:00:00,강수없음,0,0,45,1,적설없음,,17,,0.8,318,-0.9,0,1.3
59_129,2026-10-02 19:00:00,강수없음,0,0,50,1,적설없음,,15,,0.6,328,-1.1,0,1.3
59_129,2026-10-02 20:00:00,강수없음,0,0,55,1,적설없음,,14,,0.5,331,-1,0,1.2
59_129,2026-10-02 21:00:00,강수없음,0,0,60,1,적설없음,,13,,0.4,336,-1,0,1.2
59_129,2026-10-02 22:00:00,강수없음,0,0,60,1,적설없음,,13,,0.1,349,-0.9,0,1
59_129,2026-10-02 23:00:00,강수없음,0,0,65,1,적설없음,,12,,0,354,-0.8,0,0.9
59_129,2026-10-03 00:00:00,강수없음,0,0,65,1,적설없음,,11,,0,0,-1,0,1
59_129,2026-10-03 01:00:00,강수없음,0,0,70,1,적설없음,,11,,0,0,-1.1,0,1.1
59_129,2026-10-03 02:00:00,강수없음,0,0,70,1,적설없음,,10,,0,0,-0.8,0,0.8
59_129,2026-10-03 03:00:00,강수없음,0,0,75,1,적설없음,,10,,-0.2,37,-0.3,0,0.5
59_129,2026-10-03 04:00:00,강수없음,0,0,75,1,적설없음,,9,,-0.1,45,-0.2,0,0.4
59_129,2026-10-03 05:00:00,강수없음,0,0,75,1,적설없음,,9,,-0.4,90,0,0,0.5
59_129,2026-10-03 06:00:00,강수없음,0,0,80,1,적설없음,8.0,8,,-0.6,90,0,0,0.7
59_129,2026-10-03 07:00:00,강수없음,0,0,80,1,적설없음,,9,,-0.9,90,0,0,1
59_129,2026-10-03 08:00:00,강수없음,0,0,65,1,적설없음,,12,,-0.9,90,0,0,1
59_129,2026-10-03 09:00:00,강수없음,0,0,55,1,적설없음,,15,,-0.6,104,0.1,0,0.8
59_129,2026-10-03 10:00:00,강수없음,20,0,45,3,적설없음,,17,,-0.6,127,0.6,0,1
59_129,2026-10-03 11:00:00,강수없음,30,0,40,4,적설없음,,19,,-0.5,142,0.8,0,1.1
59_129,2026-10-03 12:00:00,강수없음,30,0,40,4,적설없음,,20,,-0.5,148,1.1,0,1.3
59_129,2026-10-03 13:00:00,강수없음,30,0,35,4,적설없음,,21,,-0.5,150,1.1,0,1.3
59_129,2026-10-03 14:00:00,강수없음,0,0,35,1,적설없음,,21,,-0.2,162,1.1,0,1.2
59_129,2026-10-03 15:00:00,강수없음,30,0,30,4,적설없음,,22,22.0,-0.1,166,1.1,0,1.2
59_129,2026-10-03 16:00:00,강수없음,30,0,35,4,적설없음,,21,,0,170,1,0,1.1
59_129,2026-10-03 17:00:00,강수없음,30,0,40,4,적설없음,,20,,0,172,0.6,0,0.7
59_129,2026-10-03 18:00:00,강수없음,30,0,50,4,적설없음,,18,,0,180,0.4,0,0.4
59_129,2026-10-03 19:00:00,강수없음,30,0,55,4,적설없음,,16,,0,180,0.2,0,0.2
59_129,2026-10-03 20:00:00,강수없음,30,0,60,4,적설없음,,15,,-0.1,90,0,0,0.2
59_129,2026-10-03 21:00:00,강수없음,0,0,60,1,적설없음,,14,,-0.5,90,0,0,0.6
59_129,2026-10-03 22:00:00,강수없음,0,0,65,1,적설없음,,14,,-0.9,90,0,0,1
59_129,2026-10-03 23:00:00,강수없음,0,0,65,1,적설없음,,13,,-1.2,90,0,0,1.3
59_129,2026-10-04 00:00:00,강수없음,0,0,70,1,적설없음,,13,,-1.4,97,0.1,0,1.6
59_129,2026-10-04 03:00:00,0,0,0,75,1,0,,13,,-1.5,103,0.3,0,1
59_129,2026-10-04 06:00:00,0,20,0,75,3,0,13.0,13,,-1.7,110,0.6,0,1
59_129,2026-10-04 09:00:00,0,10,0,65,3,0,,17,,-2.1,111,0.8,0,1
59_129,2026-10-04 12:00:00,0,0,0,50,1,0,,21,,-1.2,150,2.3,0,1
59_129,2026-10-04 15:00:00,0,0,0,45,1,0,,23,23.0,0.1,182,2.9,0,1
59_129,2026-10-04 18:00:00,0,10,0,60,1,0,,19,,1,203,2.3,0,1
59_129,2026-10-04 21:00:00,0,10,0,80,1,0,,16,,0.9,225,0.9,0,1
60_128,2026-09-30 10:00:00,강수없음,0.0,0.0,65.0,1.0,적설없음,,22.0,,1.4,231.0,1.1,0.0,1.9
60_128,2026-09-30 11:00:00,강수없음,0.0,0.0,60.0,1.0,적설없음,,23.0,,2.4,243.0,1.2,0.0,2.8
60_128,2026-09-30 12:00:00,강수없음,0.0,0.0,55.0,1.0,적설없음,,24.0,,2.5,238.0,1.5,0.0,3.0
60_128,2026-09-30 13:00:00,강수없음,0.0,0.0,45.0,1.0,적설없음,,25.0,,3.0,236.0,2.0,0.0,3.7
60_128,2026-09-30 14:00:00,강수없음,0.0,0.0,45.0,1.0,적설없음,,25.0,,3.2,239.0,1.9,0.0,3.8
60_128,2026-09-30 15:00:00,강수없음,0.0,0.0,45.0,1.0,적설없음,,25.0,,3.6,239.0,2.1,0.0,4.2
60_128,2026-09-30 16:00:00,강수없음,0.0,0.0,50.0,1.0,적설없음,,24.0,,3.2,234.0,2.3,0.0,4.0
60_128,2026-09-30 17:00:00,강수없음,20.0,0.0,65.0,3.0,적설없음,,23.0,,3.2,239.0,1.9,0.0,3.8
60_128,2026-09-30 18:00:00,1.0mm,60.0,1.0,70.0,4.0,적설없음,,22.0,,3.1,235.0,2.1,0.0,3.8
60_128,2026-09-30 19:00:00,3.0mm,60.0,1.0,85.0,4.0,적설없음,,20.0,,3.1,263.0,0.3,0.0,3.2
60_128,2026-09-30 20:00:00,2.0mm,60.0,1.0,85.0,4.0,적설없음,,19.0,,2.8,291.0,-1.0,0.0,3.0
60_128,2026-09-30 21:00:00,강수없음,30.0,0.0,85.0,4.0,적설없음,,19.0,,2.5,308.0,-1.9,0.0,3.2
60_128,2026-09-30 22:00:00,강수없음,20.0,0.0,75.0,3.0,적설없음,,18.0,,2.4,311.0,-2.1,0.0,3.3
60_128,2026-09-30 23:00:00,강수없음,0.0,0.0,70.0,1.0,적설없음,,17.0,,2.3,310.0,-1.9,0.0,3.1
60_128,2026-10-01 00:00:00,강수없음,0.0,0.0,65.0,1.0,적설없음,,16.0,,2.1,311.0,-1.9,0.0,2.9
60_128,2026-10-01 01:00:00,강수없음,0.0,0.0,60.0,1.0,적설없음,,16.0,,1.7,315.0,-1.7,0.0,2.5
60_128,2026-10-01 02:00:00,강수없음,0.0,0.0,55.0,1.0,적설없음,,15.0,,1.4,324.0,-2.0,0.0,2.5
60_128,2026-10-01 03:00:00,강수없음,0.0,0.0,55.0,1.0,적설없음,,14.0,,1.2,330.0,-2.0,0.0,2.4
60_128,2026-10-01 04:00:00,강수없음,0.0,0.0,50.0,1.0,적설없음,,13.0,,0.9,331.0,-1.7,0.0,2.0
60_128,2026-10-01 05:00:00,강수없음,0.0,0.0,50.0,1.0,적설없음,,13.0,,0.8,329.0,-1.4,0.0,1.7
60_128,2026-10-01 06:00:00,강수없음,30.0,0.0,50.0,4.0,적설없음,,12.0,,1.3,319.0,-1.5,0.0,2.1
60_128,2026-10-01 07:00:00,강수없음,30.0,0.0,50.0,4.0,적설없음,,12.0,,1.0,329.0,-1.8,0.0,2.1
60_128,2026-10-01 08:00:00,강수없음,30.0,0.0,40.0,4.0,적설없음,,14.0,,1.0,333.0,-2.1,0.0,2.4
60_128,2026-10-01 09:00:00,강수없음,20.0,0.0,35.0,3.0,적설없음,,16.0,,1.0,337.0,-2.5,0.0,2.8
60_128,2026-10-01 10:00:00,강수없음,0.0,0.0,25.0,1.0,적설없음,,18.0,,1.6,331.0,-3.0,0.0,3.5
60_128,2026-10-01 11:00:00,강수없음,0.0,0.0,25.0,1.0,적설없음,,19.0,,2.4,323.0,-3.1,0.0,4.0
60_128,2026-10-01 12:00:00,강수없음,0.0,0.0,25.0,1.0,적설없음,,19.0,,3.0,314.0,-2.9,0.0,4.3
60_128,2026-10-01 13:00:00,강수없음,0.0,0.0,30.0,1.0,적설없음,,20.0,,3.2,305.0,-2.2,0.0,4.0
60_128,2026-10-01 14:00:00,강수없음,0.0,0.0,30.0,1.0,적설없음,,20.0,,3.4,302.0,-2.1,0.0,4.1
60_128,2026-10-01 15:00:00,강수없음,0,0,30,1,적설없음,,20,,3,296,-1.4,0,3.4
60_128,2026-10-01 16:00:00,강수없음,0,0,35,1,적설없음,,20,,2.7,290,-0.9,0,2.9
60_128,2026-10-01 17:00:00,강수없음,0,0,40,1,적설없음,,19,,2,278,-0.2,0,2.1
60_128,2026-10-01 18:00:00,강수없음,0,0,50,1,적설없음,,18,,1.4,281,-0.2,0,1.5
60_128,2026-10-01 19:00:00,강수없음,0,0,50,1,적설없음,,16,,1.3,311,-1.1,0,1.8
60_128,2026-10-01 20:00:00,강수없음,0,0,45,1,적설없음,,15,,1.5,315,-1.5,0,2.2
60_128,2026-10-01 21:00:00,강수없음,0,0,45,1,적설없음,,15,,1.3,317,-1.4,0,2
60_128,2026-10-01 22:00:00,강수없음,0,0,50,1,적설없음,,14,,1.1,307,-0.9,0,1.5
60_128,2026-10-01 23:00:00,강수없음,0,0,55,1,적설없음,,13,,1.1,304,-0.7,0,1.4
60_128,2026-10-02 00:00:00,강수없음,0,0,55,1,적설없음,,13,,1,312,-0.9,0,1.4
60_128,2026-10-02 01:00:00,강수없음,0,0,55,1,적설없음,,12,,0.9,312,-0.8,0,1.3
60_128,2026-10-02 02:00:00,강수없음,0,0,55,1,적설없음,,11,,0.9,312,-0.8,0,1.3
60_128,2026-10-02 03:00:00,강수없음,0,0,55,1,적설없음,,11,,0.8,315,-0.8,0,1.2
60_128,2026-10-02 04:00:00,강수없음,0,0,60,1,적설없음,,10,,0.8,318,-0.8,0,1.2
60_128,2026-10-02 05:00:00,강수없음,0,0,60,1,적설없음,,10,,0.8,321,-1,0,1.4
60_128,2026-10-02 06:00:00,강수없음,0,0,60,1,적설없음,10.0,10,,0.7,321,-0.9,0,1.2
60_128,2026-10-02 07:00:00,강수없음,0,0,60,1,적설없음,,10,,0.7,326,-1.1,0,1.4
60_128,2026-10-02 08:00:00,강수없음,0,0,50,1,적설없음,,12,,0.8,332,-1.6,0,1.9
60_128,2026-10-02 09:00:00,강수없음,0,0,40,1,적설없음,,15,,1.5,330,-2.5,0,3
60_128,2026-10-02 10:00:00,강수없음,0,0,35,1,적설없음,,17,,1.9,329,-3.1,0,3.7
60_128,2026-10-02 11:00:00,강수없음,0,0,35,1,적설없음,,18,,1.9,329,-3.2,0,3.8
60_128,2026-10-02 12:00:00,강수없음,0,0,30,1,적설없음,,19,,2.1,326,-3.2,0,3.9
60_128,2026-10-02 13:00:00,강수없음,0,0,30,1,적설없음,,20,,1.9,327,-3,0,3.6
60_128,2026-10-02 14:00:00,강수없음,0,0,30,1,적설없음,,20,,2.1,323,-2.8,0,3.6
60_128,2026-10-02 15:00:00,강수없음,0,0,30,1,적설없음,,20,20.0,1.9,320,-2.3,0,3.1
60_128,2026-10-02 16:00:00,강수없음,0,0,30,1,적설없음,,20,,1.6,321,-2,0,2.7
60_128,2026-10-02 17:00:00,강수없음,0,0,35,1,적설없음,,19,,1.3,315,-1.3,0,1.9
60_128,2026-10-02 18:00:00,강수없음,0,0,45,1,적설없음,,17,,0.9,309,-0.7,0,1.2
60_128,2026-10-02 19:00:00,강수없음,0,0,50,1,적설없음,,15,,0.6,315,-0.6,0,0.9
60_128,2026-10-02 20:00:00,강수없음,0,0,55,1,적설없음,,15,,0.4,320,-0.5,0,0.7
60_128,2026-10-02 21:00:00,강수없음,0,0,55,1,적설없음,,14,,0.4,320,-0.5,0,0.7
60_128,2026-10-02 22:00:00,강수없음,0,0,60,1,적설없음,,13,,0.1,342,-0.5,0,0.6
60_128,2026-10-02 23:00:00,강수없음,0,0,60,1,적설없음,,12,,0.3,321,-0.4,0,0.6
60_128,2026-10-03 00:00:00,강수없음,0,0,65,1,적설없음,,12,,0,0,-0.6,0,0.6
60_128,2026-10-03 01:00:00,강수없음,0,0,65,1,적설없음,,11,,0,0,-0.8,0,0.8
60_128,2026-10-03 02:00:00,강수없음,0,0,70,1,적설없음,,11,,0,0,-0.6,0,0.6
60_128,2026-10-03 03:00:00,강수없음,0,0,70,1,적설없음,,10,,0,18,-0.2,0,0.3
60_128,2026-10-03 04:00:00,강수없음,0,0,75,1,적설없음,,9,,-0.1,90,0,0,0.2
60_128,2026-10-03 05:00:00,강수없음,0,0,75,1,적설없음,,9,,-0.2,90,0,0,0.3
60_128,2026-10-03 06:00:00,강수없음,0,0,75,1,적설없음,9.0,9,,-0.4,90,0,0,0.5
60_128,2026-10-03 07:00:00,강수없음,0,0,75,1,적설없음,,9,,-0.5,90,0,0,0.6
60_128,2026-10-03 08:00:00,강수없음,0,0,65,1,적설없음,,11,,-0.7,90,0,0,0.8
60_128,2026-10-03 09:00:00,강수없음,0,0,55,1,적설없음,,14,,-0.9,90,0,0,1
60_128,2026-10-03 10:00:00,강수없음,20,0,45,3,적설없음,,17,,-0.5,90,0,0,0.6
60_128,2026-10-03 11:00:00,강수없음,30,0,40,4,적설없음,,18,,-0.4,135,0.5,0,0.8
60_128,2026-10-03 12:00:00,강수없음,30,0,35,4,적설없음,,19,,-0.3,148,0.7,0,0.9
60_128,2026-10-03 13:00:00,강수없음,30,0,35,4,적설없음,,20,,-0.3,153,0.9,0,1.1
60_128,2026-10-03 14:00:00,강수없음,30,0,30,4,적설없음,,21,,-0.3,153,0.9,0,1.1
60_128,2026-10-03 15:00:00,강수없음,30,0,30,4,적설없음,,21,21.0,-0.1,166,1.1,0,1.2
60_128,2026-10-03 16:00:00,강수없음,30,0,30,4,적설없음,,21,,-0.1,166,1.1,0,1.2
60_128,2026-10-03 17:00:00,강수없음,30,0,35,4,적설없음,,20,,-0.2,158,0.9,0,1
60_128,2026-10-03 18:00:00,강수없음,30,0,45,4,적설없음,,18,,-0.1,157,0.6,0,0.7
60_128,2026-10-03 19:00:00,강수없음,30,0,50,4,적설없음,,17,,0,135,0,0,0.1
60_128,2026-10-03 20:00:00,강수없음,30,0,55,4,적설없음,,16,,-0.3,90,0,0,0.4
60_128,2026-10-03 21:00:00,강수없음,0,0,60,1,적설없음,,15,,-0.5,90,0,0,0.6
60_128,2026-10-03 22:00:00,강수없음,0,0,65,1,적설없음,,14,,-0.7,90,0,0,0.8
60_128,2026-10-03 23:00:00,강수없음,0,0,65,1,적설없음,,13,,-0.9,90,0,0,1
60_128,2026-10-04 00:00:00,강수없음,0,0,65,1,적설없음,,13,,-1.1,90,0,0,1.2
60_128,2026-10-04 03:00:00,0,0,0,75,1,0,,13,,-1,99,0.1,0,1
60_128,2026-10-04 06:00:00,0,20,0,80,3,0,13.0,13,,-1.3,101,0.2,0,1
60_128,2026-10-04 09:00:00,0,20,0,65,3,0,,16,,-1.5,103,0.3,0,1
60_128,2026-10-04 12:00:00,0,10,0,45,1,0,,20,,-1,148,1.8,0,1
60_128,2026-10-04 15:00:00,0,10,0,45,3,0,,22,22.0,0,180,3,0,1
60_128,2026-10-04 18:00:00,0,10,0,60,3,0,,19,,0.7,198,2.3,0,1
60_128,2026-10-04 21:00:00,0,20,0,80,3,0,,17,,0.9,217,1.1,0,1
60_129,2026-09-30 10:00:00,강수없음,0.0,0.0,65.0,1.0,적설없음,,21.0,,1.3,223.0,1.4,0.0,2.0
60_129,2026-09-30 11:00:00,강수없음,0.0,0.0,60.0,1.0,적설없음,,22.0,,2.2,237.0,1.4,0.0,2.7
60_129,2026-09-30 12:00:00,강수없음,0.0,0.0,55.0,1.0,적설없음,,24.0,,2.5,237.0,1.6,0.0,3.1
60_129,2026-09-30 13:00:00,강수없음,0.0,0.0,50.0,1.0,적설없음,,25.0,,2.7,229.0,2.3,0.0,3.6
60_129,2026-09-30 14:00:00,강수없음,0.0,0.0,45.0,1.0,적설없음,,25.0,,3.4,238.0,2.1,0.0,4.1
60_129,2026-09-30 15:00:00,강수없음,0.0,0.0,45.0,1.0,적설없음,,25.0,,3.5,237.0,2.2,0.0,4.2
60_129,2026-09-30 16:00:00,강수없음,0.0,0.0,55.0,1.0,적설없음,,24.0,,3.3,236.0,2.2,0.0,4.1
60_129,2026-09-30 17:00:00,강수없음,30.0,0.0,65.0,4.0,적설없음,,23.0,,3.2,239.0,1.9,0.0,3.8
60_129,2026-09-30 18:00:00,2.0mm,60.0,1.0,75.0,4.0,적설없음,,22.0,,3.2,236.0,2.1,0.0,3.9
60_129,2026-09-30 19:00:00,9.0mm,60.0,1.0,90.0,4.0,적설없음,,20.0,,3.3,270.0,0.0,0.0,3.3
60_129,2026-09-30 20:00:00,2.0mm,60.0,1.0,90.0,4.0,적설없음,,19.0,,2.8,294.0,-1.2,0.0,3.1
60_129,2026-09-30 21:00:00,강수없음,30.0,0.0,85.0,4.0,적설없음,,18.0,,2.6,308.0,-2.0,0.0,3.4
60_129,2026-09-30 22:00:00,강수없음,20.0,0.0,80.0,3.0,적설없음,,17.0,,2.4,311.0,-2.1,0.0,3.3
60_129,2026-09-30 23:00:00,강수없음,0.0,0.0,75.0,1.0,적설없음,,16.0,,2.4,311.0,-2.1,0.0,3.3
60_129,2026-10-01 00:00:00,강수없음,0.0,0.0,70.0,1.0,적설없음,,16.0,,2.2,311.0,-1.9,0.0,3.0
60_129,2026-10-01 01:00:00,강수없음,0.0,0.0,65.0,1.0,적설없음,,15.0,,1.9,314.0,-1.8,0.0,2.7
60_129,2026-10-01 02:00:00,강수없음,0.0,0.0,60.0,1.0,적설없음,,14.0,,1.6,322.0,-2.1,0.0,2.7
60_129,2026-10-01 03:00:00,강수없음,0.0,0.0,60.0,1.0,적설없음,,13.0,,1.3,330.0,-2.3,0.0,2.7
60_129,2026-10-01 04:00:00,강수없음,0.0,0.0,50.0,1.0,적설없음,,13.0,,1.2,330.0,-2.0,0.0,2.4
60_129,2026-10-01 05:00:00,강수없음,0.0,0.0,50.0,1.0,적설없음,,12.0,,1.0,329.0,-1.8,0.0,2.1
60_129,2026-10-01 06:00:00,강수없음,30.0,0.0,55.0,4.0,적설없음,,11.0,,1.3,322.0,-1.7,0.0,2.2
60_129,2026-10-01 07:00:00,강수없음,30.0,0.0,50.0,4.0,적설없음,,11.0,,1.2,330.0,-2.0,0.0,2.4
60_129,2026-10-01 08:00:00,강수없음,30.0,0.0,45.0,4.0,적설없음,,13.0,,1.0,333.0,-2.1,0.0,2.4
60_129,2026-10-01 09:00:00,강수없음,0.0,0.0,35.0,1.0,적설없음,,15.0,,1.0,337.0,-2.5,0.0,2.8
60_129,2026-10-01 10:00:00,강수없음,0.0,0.0,30.0,1.0,적설없음,,17.0,,1.7,330.0,-2.9,0.0,3.4
60_129,2026-10-01 11:00:00,강수없음,0.0,0.0,25.0,1.0,적설없음,,18.0,,2.4,322.0,-3.0,0.0,3.9
60_129,2026-10-01 12:00:00,강수없음,0.0,0.0,30.0,1.0,적설없음,,19.0,,2.9,313.0,-2.7,0.0,4.1
60_129,2026-10-01 13:00:00,강수없음,0.0,0.0,30.0,1.0,적설없음,,20.0,,3.3,304.0,-2.2,0.0,4.1
60_129,2026-10-01 14:00:00,강수없음,0.0,0.0,30.0,1.0,적설없음,,20.0,,3.5,300.0,-2.0,0.0,4.1
60_129,2026-10-01 15:00:00,강수없음,0,0,35,1,적설없음,,20,,3,296,-1.4,0,3.4
60_129,2026-10-01 16:00:00,강수없음,0,0,40,1,적설없음,,20,,2.7,290,-0.9,0,2.9
60_129,2026-10-01 17:00:00,강수없음,0,0,40,1,적설없음,,19,,2,288,-0.6,0,2.2
60_129,2026-10-01 18:00:00,강수없음,0,0,50,1,적설없음,,17,,1.7,289,-0.5,0,1.8
60_129,2026-10-01 19:00:00,강수없음,0,0,45,1,적설없음,,16,,1.6,307,-1.2,0,2.1
60_129,2026-10-01 20:00:00,강수없음,0,0,45,1,적설없음,,15,,1.7,312,-1.6,0,2.4
60_129,2026-10-01 21:00:00,강수없음,0,0,45,1,적설없음,,14,,1.6,313,-1.5,0,2.3
60_129,2026-10-01 22:00:00,강수없음,0,0,50,1,적설없음,,13,,1.2,308,-0.9,0,1.6
60_129,2026-10-01 23:00:00,강수없음,0,0,55,1,적설없음,,12,,1.2,308,-0.9,0,1.6
60_129,2026-10-02 00:00:00,강수없음,0,0,60,1,적설없음,,12,,1.2,308,-0.9,0,1.6
60_129,2026-10-02 01:00:00,강수없음,0,0,60,1,적설없음,,11,,1.1,313,-1,0,1.6
60_129,2026-10-02 02:00:00,강수없음,0,0,60,1,적설없음,,11,,1,320,-1.3,0,1.7
60_129,2026-10-02 03:00:00,강수없음,0,0,60,1,적설없음,,10,,0.9,322,-1.2,0,1.6
60_129,2026-10-02 04:00:00,강수없음,0,0,60,1,적설없음,,10,,0.9,322,-1.2,0,1.6
60_129,2026-10-02 05:00:00,강수없음,0,0,60,1,적설없음,,9,,0.9,324,-1.3,0,1.7
60_129,2026-10-02 06:00:00,강수없음,0,0,60,1,적설없음,9.0,9,,0.7,328,-1.2,0,1.5
60_129,2026-10-02 07:00:00,강수없음,0,0,60,1,적설없음,,9,,0.7,333,-1.5,0,1.7
60_129,2026-10-02 08:00:00,강수없음,0,0,55,1,적설없음,,11,,0.8,336,-1.9,0,2.1
60_129,2026-10-02 09:00:00,강수없음,0,0,45,1,적설없음,,14,,1.4,334,-2.8,0,3.2
60_129,2026-10-02 10:00:00,강수없음,0,0,40,1,적설없음,,16,,1.9,329,-3.1,0,3.7
60_129,2026-10-02 11:00:00,강수없음,0,0,35,1,적설없음,,18,,1.9,330,-3.3,0,3.9
60_129,2026-10-02 12:00:00,강수없음,0,0,35,1,적설없음,,19,,2.1,326,-3.2,0,3.9
60_129,2026-10-02 13:00:00,강수없음,0,0,35,1,적설없음,,20,,1.9,327,-3,0,3.6
60_129,2026-10-02 14:00:00,강수없음,0,0,30,1,적설없음,,20,,2.2,322,-2.9,0,3.7
60_129,2026-10-02 15:00:00,강수없음,0,0,30,1,적설없음,,20,20.0,2,321,-2.4,0,3.2
60_129,2026-10-02 16:00:00,강수없음,0,0,35,1,적설없음,,20,,1.7,318,-1.9,0,2.6
60_129,2026-10-02 17:00:00,강수없음,0,0,40,1,적설없음,,19,,1.2,317,-1.3,0,1.9
60_129,2026-10-02 18:00:00,강수없음,0,0,45,1,적설없음,,16,,0.8,308,-0.6,0,1.1
60_129,2026-10-02 19:00:00,강수없음,0,0,50,1,적설없음,,15,,0.7,315,-0.7,0,1.1
60_129,2026-10-02 20:00:00,강수없음,0,0,55,1,적설없음,,14,,0.6,323,-0.7,0,1
60_129,2026-10-02 21:00:00,강수없음,0,0,60,1,적설없음,,13,,0.3,336,-0.8,0,0.9
60_129,2026-10-02 22:00:00,강수없음,0,0,60,1,적설없음,,12,,0.1,346,-0.7,0,0.8
60_129,2026-10-02 23:00:00,강수없음,0,0,65,1,적설없음,,12,,0.2,339,-0.7,0,0.8
60_129,2026-10-03 00:00:00,강수없음,0,0,65,1,적설없음,,11,,0,0,-0.8,0,0.8
60_129,2026-10-03 01:00:00,강수없음,0,0,70,1,적설없음,,11,,0,0,-1,0,1
60_129,2026-10-03 02:00:00,강수없음,0,0,70,1,적설없음,,10,,0,0,-0.8,0,0.8
60_129,2026-10-03 03:00:00,강수없음,0,0,75,1,적설없음,,9,,0,27,-0.3,0,0.4
60_129,2026-10-03 04:00:00,강수없음,0,0,75,1,적설없음,,9,,0,45,-0.1,0,0.2
60_129,2026-10-03 05:00:00,강수없음,0,0,80,1,적설없음,,8,,-0.3,90,0,0,0.4
60_129,2026-10-03 06:00:00,강수없음,0,0,80,1,적설없음,7.0,7,,-0.4,90,0,0,0.5
60_129,2026-10-03 07:00:00,강수없음,0,0,80,1,적설없음,,8,,-0.5,90,0,0,0.6
60_129,2026-10-03 08:00:00,강수없음,0,0,70,1,적설없음,,10,,-0.9,90,0,0,1
60_129,2026-10-03 09:00:00,강수없음,0,0,55,1,적설없음,,14,,-0.5,98,0,0,0.7
60_129,2026-10-03 10:00:00,강수없음,0,0,50,1,적설없음,,16,,-0.5,120,0.4,0,0.8
60_129,2026-10-03 11:00:00,강수없음,30,0,45,4,적설없음,,18,,-0.5,135,0.6,0,0.9
60_129,2026-10-03 12:00:00,강수없음,20,0,40,3,적설없음,,19,,-0.5,142,0.8,0,1.1
60_129,2026-10-03 13:00:00,강수없음,30,0,35,4,적설없음,,20,,-0.4,151,1,0,1.2
60_129,2026-10-03 14:00:00,강수없음,0,0,35,1,적설없음,,21,,-0.4,151,1,0,1.2
60_129,2026-10-03 15:00:00,강수없음,30,0,35,4,적설없음,,21,21.0,-0.1,166,1.1,0,1.2
60_129,2026-10-03 16:00:00,강수없음,30,0,35,4,적설없음,,21,,-0.2,158,0.9,0,1
60_129,2026-10-03 17:00:00,강수없음,30,0,40,4,적설없음,,20,,-0.1,162,0.8,0,0.9
60_129,2026-10-03 18:00:00,강수없음,30,0,50,4,적설없음,,17,,0,162,0.5,0,0.6
60_129,2026-10-03 19:00:00,강수없음,30,0,55,4,적설없음,,16,,0,135,0,0,0.1
60_129,2026-10-03 20:00:00,강수없음,30,0,55,4,적설없음,,15,,-0.2,90,0,0,0.3
60_129,2026-10-03 21:00:00,강수없음,0,0,60,1,적설없음,,14,,-0.4,90,0,0,0.5
60_129,2026-10-03 22:00:00,강수없음,0,0,65,1,적설없음,,13,,-0.6,90,0,0,0.7
60_129,2026-10-03 23:00:00,강수없음,0,0,70,1,적설없음,,13,,-0.9,90,0,0,1
60_129,2026-10-04 00:00:00,강수없음,0,0,70,1,적설없음,,13,,-1.2,98,0.1,0,1.4
60_129,2026-10-04 03:00:00,0,0,0,80,1,0,,13,,-1.1,107,0.3,0,1
60_129,2026-10-04 06:00:00,0,20,0,80,3,0,13.0,13,,-1.3,112,0.5,0,1
60_129,2026-10-04 09:00:00,0,20,0,70,3,0,,16,,-1.6,111,0.6,0,1
60_129,2026-10-04 12:00:00,0,0,0,50,1,0,,20,,-1.1,150,2,0,1
60_129,2026-10-04 15:00:00,0,10,0,45,1,0,,22,22.0,0,180,3.1,0,1
60_129,2026-10-04 18:00:00,0,10,0,60,1,0,,18,,0.7,198,2.1,0,1
60_129,2026-10-04 21:00:00,0,10,0,80,1,0,,16,,0.9,225,0.9,0,1
60_130,2026-09-30 10:00:00,강수없음,0.0,0.0,65.0,1.0,적설없음,,21.0,,1.3,219.0,1.7,0.0,2.2
60_130,2026-09-30 11:00:00,강수없음,0.0,0.0,60.0,1.0,적설없음,,23.0,,2.1,232.0,1.6,0.0,2.7
60_130,2026-09-30 12:00:00,강수없음,0.0,0.0,55.0,1.0,적설없음,,24.0,,2.3,230.0,1.9,0.0,3.1
60_130,2026-09-30 13:00:00,강수없음,0.0,0.0,50.0,1.0,적설없음,,25.0,,2.8,229.0,2.4,0.0,3.8
60_130,2026-09-30 14:00:00,강수없음,0.0,0.0,45.0,1.0,적설없음,,25.0,,3.4,236.0,2.3,0.0,4.2
60_130,2026-09-30 15:00:00,강수없음,0.0,0.0,45.0,1.0,적설없음,,25.0,,3.7,237.0,2.4,0.0,4.5
60_130,2026-09-30 16:00:00,강수없음,0.0,0.0,55.0,1.0,적설없음,,24.0,,3.6,237.0,2.3,0.0,4.4
60_130,2026-09-30 17:00:00,강수없음,30.0,0.0,65.0,4.0,적설없음,,23.0,,3.2,239.0,1.9,0.0,3.8
60_130,2026-09-30 18:00:00,2.0mm,60.0,1.0,75.0,4.0,적설없음,,21.0,,3.4,239.0,2.0,0.0,4.0
60_130,2026-09-30 19:00:00,9.0mm,60.0,1.0,90.0,4.0,적설없음,,19.0,,3.3,272.0,-0.1,0.0,3.4
60_130,2026-09-30 20:00:00,1mm 미만,60.0,1.0,90.0,4.0,적설없음,,18.0,,3.1,294.0,-1.3,0.0,3.4
60_130,2026-09-30 21:00:00,강수없음,30.0,0.0,85.0,4.0,적설없음,,18.0,,2.7,307.0,-2.1,0.0,3.5
60_130,2026-09-30 22:00:00,강수없음,0.0,0.0,85.0,1.0,적설없음,,17.0,,2.5,311.0,-2.2,0.0,3.4
60_130,2026-09-30 23:00:00,강수없음,0.0,0.0,80.0,1.0,적설없음,,16.0,,2.5,311.0,-2.2,0.0,3.4
60_130,2026-10-01 00:00:00,강수없음,0.0,0.0,70.0,1.0,적설없음,,15.0,,2.2,311.0,-1.9,0.0,3.0
60_130,2026-10-01 01:00:00,강수없음,0.0,0.0,65.0,1.0,적설없음,,15.0,,2.0,315.0,-2.0,0.0,2.9
60_130,2026-10-01 02:00:00,강수없음,0.0,0.0,65.0,1.0,적설없음,,14.0,,1.6,325.0,-2.3,0.0,2.9
60_130,2026-10-01 03:00:00,강수없음,0.0,0.0,60.0,1.0,적설없음,,13.0,,1.4,329.0,-2.4,0.0,2.9
60_130,2026-10-01 04:00:00,강수없음,0.0,0.0,55.0,1.0,적설없음,,12.0,,1.2,329.0,-2.1,0.0,2.5
60_130,2026-10-01 05:00:00,강수없음,0.0,0.0,50.0,1.0,적설없음,,12.0,,1.1,328.0,-1.8,0.0,2.2
60_130,2026-10-01 06:00:00,강수없음,30.0,0.0,55.0,4.0,적설없음,,11.0,,1.3,324.0,-1.8,0.0,2.3
60_130,2026-10-01 07:00:00,강수없음,30.0,0.0,55.0,4.0,적설없음,,11.0,,1.2,330.0,-2.0,0.0,2.4
60_130,2026-10-01 08:00:00,강수없음,20.0,0.0,50.0,3.0,적설없음,,13.0,,0.9,337.0,-2.3,0.0,2.5
60_130,2026-10-01 09:00:00,강수없음,0.0,0.0,40.0,1.0,적설없음,,15.0,,0.9,338.0,-2.4,0.0,2.6
60_130,2026-10-01 10:00:00,강수없음,0.0,0.0,30.0,1.0,적설없음,,17.0,,1.6,330.0,-2.8,0.0,3.3
60_130,2026-10-01 11:00:00,강수없음,0.0,0.0,25.0,1.0,적설없음,,18.0,,2.1,324.0,-2.9,0.0,3.7
60_130,2026-10-01 12:00:00,강수없음,0.0,0.0,30.0,1.0,적설없음,,19.0,,2.9,312.0,-2.6,0.0,4.0
60_130,2026-10-01 13:00:00,강수없음,0.0,0.0,30.0,1.0,적설없음,,20.0,,3.2,305.0,-2.2,0.0,4.0
60_130,2026-10-01 14:00:00,강수없음,0.0,0.0,30.0,1.0,적설없음,,20.0,,3.3,300.0,-1.9,0.0,3.9
60_130,2026-10-01 15:00:00,강수없음,0,0,35,1,적설없음,,20,,3,296,-1.4,0,3.4
60_130,2026-10-01 16:00:00,강수없음,0,0,40,1,적설없음,,20,,2.7,290,-0.9,0,2.9
60_130,2026-10-01 17:00:00,강수없음,0,0,45,1,적설없음,,19,,1.9,287,-0.5,0,2
60_130,2026-10-01 18:00:00,강수없음,0,0,50,1,적설없음,,17,,1.6,298,-0.8,0,1.9
60_130,2026-10-01 19:00:00,강수없음,0,0,45,1,적설없음,,15,,1.9,304,-1.2,0,2.3
60_130,2026-10-01 20:00:00,강수없음,0,0,50,1,적설없음,,14,,1.8,312,-1.6,0,2.5
60_130,2026-10-01 21:00:00,강수없음,0,0,50,1,적설없음,,14,,1.6,313,-1.5,0,2.3
60_130,2026-10-01 22:00:00,강수없음,0,0,55,1,적설없음,,13,,1.3,308,-1,0,1.7
60_130,2026-10-01 23:00:00,강수없음,0,0,60,1,적설없음,,12,,1.3,306,-0.9,0,1.7
60_130,2026-10-02 00:00:00,강수없음,0,0,60,1,적설없음,,11,,1.2,308,-0.9,0,1.6
60_130,2026-10-02 01:00:00,강수없음,0,0,60,1,적설없음,,11,,1.1,315,-1.1,0,1.6
60_130,2026-10-02 02:00:00,강수없음,0,0,60,1,적설없음,,10,,1.2,323,-1.5,0,2
60_130,2026-10-02 03:00:00,강수없음,0,0,60,1,적설없음,,10,,1,322,-1.3,0,1.7
60_130,2026-10-02 04:00:00,강수없음,0,0,60,1,적설없음,,9,,0.9,324,-1.3,0,1.7
60_130,2026-10-02 05:00:00,강수없음,0,0,60,1,적설없음,,9,,0.8,332,-1.6,0,1.9
60_130,2026-10-02 06:00:00,강수없음,0,0,60,1,적설없음,8.0,8,,0.7,333,-1.5,0,1.7
60_130,2026-10-02 07:00:00,강수없음,0,0,60,1,적설없음,,9,,0.9,331,-1.7,0,2
60_130,2026-10-02 08:00:00,강수없음,0,0,55,1,적설없음,,11,,0.9,336,-2.1,0,2.4
60_130,2026-10-02 09:00:00,강수없음,0,0,45,1,적설없음,,14,,1.6,330,-2.7,0,3.2
60_130,2026-10-02 10:00:00,강수없음,0,0,40,1,적설없음,,16,,1.9,329,-3.1,0,3.7
60_130,2026-10-02 11:00:00,강수없음,0,0,35,1,적설없음,,18,,1.9,330,-3.3,0,3.9
60_130,2026-10-02 12:00:00,강수없음,0,0,35,1,적설없음,,19,,2.1,326,-3.2,0,3.9
60_130,2026-10-02 13:00:00,강수없음,0,0,35,1,적설없음,,20,,2.1,325,-3.1,0,3.8
60_130,2026-10-02 14:00:00,강수없음,0,0,30,1,적설없음,,20,,2.2,322,-2.9,0,3.7
60_130,2026-10-02 15:00:00,강수없음,0,0,30,1,적설없음,,20,20.0,2,321,-2.4,0,3.2
60_130,2026-10-02 16:00:00,강수없음,0,0,35,1,적설없음,,20,,1.6,321,-2,0,2.7
60_130,2026-10-02 17:00:00,강수없음,0,0,40,1,적설없음,,18,,1.2,317,-1.3,0,1.9
60_130,2026-10-02 18:00:00,강수없음,0,0,50,1,적설없음,,16,,0.8,312,-0.8,0,1.2
60_130,2026-10-02 19:00:00,강수없음,0,0,55,1,적설없음,,14,,0.7,315,-0.7,0,1.1
60_130,2026-10-02 20:00:00,강수없음,0,0,60,1,적설없음,,13,,0.6,322,-0.8,0,1.1
60_130,2026-10-02 21:00:00,강수없음,0,0,60,1,적설없음,,12,,0.4,333,-0.9,0,1.1
60_130,2026-10-02 22:00:00,강수없음,0,0,65,1,적설없음,,12,,0.2,345,-1,0,1.1
60_130,2026-10-02 23:00:00,강수없음,0,0,65,1,적설없음,,11,,0.1,349,-0.9,0,1
60_130,2026-10-03 00:00:00,강수없음,0,0,70,1,적설없음,,10,,0,0,-1,0,1
60_130,2026-10-03 01:00:00,강수없음,0,0,70,1,적설없음,,10,,0,0,-1.1,0,1.1
60_130,2026-10-03 02:00:00,강수없음,0,0,75,1,적설없음,,9,,0,0,-0.8,0,0.8
60_130,2026-10-03 03:00:00,강수없음,0,0,75,1,적설없음,,9,,0,11,-0.4,0,0.5
60_130,2026-10-03 04:00:00,강수없음,0,0,80,1,적설없음,,8,,0,45,-0.1,0,0.2
60_130,2026-10-03 05:00:00,강수없음,0,0,80,1,적설없음,,7,,-0.3,90,0,0,0.4
60_130,2026-10-03 06:00:00,강수없음,0,0,85,1,적설없음,7.0,7,,-0.5,90,0,0,0.6
60_130,2026-10-03 07:00:00,강수없음,0,0,80,1,적설없음,,7,,-0.5,90,0,0,0.6
60_130,2026-10-03 08:00:00,강수없음,0,0,65,1,적설없음,,10,,-0.7,90,0,0,0.8
60_130,2026-10-03 09:00:00,강수없음,0,0,55,1,적설없음,,14,,-0.5,98,0,0,0.7
60_130,2026-10-03 10:00:00,강수없음,0,0,45,1,적설없음,,16,,-0.6,135,0.7,0,1.1
60_130,2026-10-03 11:00:00,강수없음,30,0,45,4,적설없음,,18,,-0.5,142,0.8,0,1.1
60_130,2026-10-03 12:00:00,강수없음,20,0,40,3,적설없음,,19,,-0.5,148,1.1,0,1.3
60_130,2026-10-03 13:00:00,강수없음,30,0,35,4,적설없음,,20,,-0.4,151,1,0,1.2
60_130,2026-10-03 14:00:00,강수없음,0,0,35,1,적설없음,,21,,-0.4,151,1,0,1.2
60_130,2026-10-03 15:00:00,강수없음,30,0,35,4,적설없음,,21,21.0,-0.2,162,1.1,0,1.2
60_130,2026-10-03 16:00:00,강수없음,30,0,35,4,적설없음,,20,,-0.1,165,1,0,1.1
60_130,2026-10-03 17:00:00,강수없음,30,0,40,4,적설없음,,19,,-0.2,156,0.8,0,0.9
60_130,2026-10-03 18:00:00,강수없음,30,0,50,4,적설없음,,17,,-0.2,141,0.4,0,0.6
60_130,2026-10-03 19:00:00,강수없음,30,0,60,4,적설없음,,15,,0,135,0,0,0.1
60_130,2026-10-03 20:00:00,강수없음,30,0,60,4,적설없음,,14,,-0.2,90,0,0,0.3
60_130,2026-10-03 21:00:00,강수없음,0,0,65,1,적설없음,,13,,-0.3,90,0,0,0.4
60_130,2026-10-03 22:00:00,강수없음,0,0,70,1,적설없음,,13,,-0.5,90,0,0,0.6
60_130,2026-10-03 23:00:00,강수없음,0,0,70,1,적설없음,,12,,-0.9,90,0,0,1
60_130,2026-10-04 00:00:00,강수없음,0,0,70,1,적설없음,,12,,-1.2,98,0.1,0,1.4
60_130,2026-10-04 03:00:00,0,0,0,80,1,0,,12,,-1.2,110,0.4,0,1
60_130,2026-10-04 06:00:00,0,20,0,80,3,0,12.0,12,,-1.6,109,0.5,0,1
60_130,2026-10-04 09:00:00,0,10,0,70,3,0,,16,,-1.5,118,0.8,0,1
60_130,2026-10-04 12:00:00,0,0,0,50,1,0,,20,,-1.1,151,2.2,0,1
60_130,2026-10-04 15:00:00,0,0,0,45,1,0,,22,22.0,0,180,3.2,0,1
60_130,2026-10-04 18:00:00,0,10,0,60,1,0,,18,,0.7,199,2.2,0,1
60_130,2026-10-04 21:00:00,0,10,0,85,1,0,,16,,0.8,225,0.8,0,1
61_129,2026-09-30 10:00:00,강수없음,0.0,0.0,65.0,1.0,적설없음,,22.0,,1.2,217.0,1.5,0.0,2.0
61_129,2026-09-30 11:00:00,강수없음,0.0,0.0,60.0,1.0,적설없음,,24.0,,2.0,234.0,1.4,0.0,2.5
61_129,2026-09-30 12:00:00,강수없음,0.0,0.0,55.0,1.0,적설없음,,25.0,,2.4,237.0,1.5,0.0,2.9
61_129,2026-09-30 13:00:00,강수없음,0.0,0.0,45.0,1.0,적설없음,,26.0,,2.7,234.0,1.9,0.0,3.4
61_129,2026-09-30 14:00:00,강수없음,0.0,0.0,45.0,1.0,적설없음,,26.0,,3.3,236.0,2.2,0.0,4.1
61_129,2026-09-30 15:00:00,강수없음,0.0,0.0,40.0,1.0,적설없음,,26.0,,3.5,237.0,2.2,0.0,4.2
61_129,2026-09-30 16:00:00,강수없음,0.0,0.0,50.0,1.0,적설없음,,26.0,,3.2,234.0,2.3,0.0,4.0
61_129,2026-09-30 17:00:00,강수없음,20.0,0.0,60.0,3.0,적설없음,,25.0,,3.2,239.0,1.9,0.0,3.8
61_129,2026-09-30 18:00:00,2.0mm,60.0,1.0,70.0,4.0,적설없음,,23.0,,3.0,233.0,2.2,0.0,3.8
61_129,2026-09-30 19:00:00,3.0mm,60.0,1.0,80.0,4.0,적설없음,,21.0,,3.1,265.0,0.2,0.0,3.2
61_129,2026-09-30 20:00:00,1mm 미만,60.0,1.0,85.0,4.0,적설없음,,20.0,,2.8,291.0,-1.0,0.0,3.0
61_129,2026-09-30 21:00:00,강수없음,30.0,0.0,80.0,4.0,적설없음,,19.0,,2.5,308.0,-1.9,0.0,3.2
61_129,2026-09-30 22:00:00,강수없음,20.0,0.0,75.0,3.0,적설없음,,18.0,,2.3,311.0,-2.0,0.0,3.1
61_129,2026-09-30 23:00:00,강수없음,0.0,0.0,70.0,1.0,적설없음,,18.0,,2.4,311.0,-2.1,0.0,3.3
61_129,2026-10-01 00:00:00,강수없음,0.0,0.0,65.0,1.0,적설없음,,17.0,,2.1,311.0,-1.9,0.0,2.9
61_129,2026-10-01 01:00:00,강수없음,0.0,0.0,60.0,1.0,적설없음,,16.0,,1.9,313.0,-1.7,0.0,2.6
61_129,2026-10-01 02:00:00,강수없음,0.0,0.0,55.0,1.0,적설없음,,15.0,,1.7,322.0,-2.2,0.0,2.9
61_129,2026-10-01 03:00:00,강수없음,0.0,0.0,55.0,1.0,적설없음,,14.0,,1.4,327.0,-2.2,0.0,2.7
61_129,2026-10-01 04:00:00,강수없음,0.0,0.0,50.0,1.0,적설없음,,14.0,,1.2,327.0,-1.9,0.0,2.3
61_129,2026-10-01 05:00:00,강수없음,0.0,0.0,45.0,1.0,적설없음,,13.0,,1.2,323.0,-1.5,0.0,2.0
61_129,2026-10-01 06:00:00,강수없음,30.0,0.0,50.0,4.0,적설없음,,12.0,,1.4,317.0,-1.5,0.0,2.1
61_129,2026-10-01 07:00:00,강수없음,30.0,0.0,50.0,4.0,적설없음,,12.0,,1.2,327.0,-1.9,0.0,2.3
61_129,2026-10-01 08:00:00,강수없음,30.0,0.0,45.0,4.0,적설없음,,14.0,,1.2,331.0,-2.1,0.0,2.5
61_129,2026-10-01 09:00:00,강수없음,0.0,0.0,35.0,1.0,적설없음,,16.0,,1.0,336.0,-2.4,0.0,2.7
61_129,2026-10-01 10:00:00,강수없음,0.0,0.0,30.0,1.0,적설없음,,18.0,,1.5,333.0,-3.0,0.0,3.4
61_129,2026-10-01 11:00:00,강수없음,0.0,0.0,25.0,1.0,적설없음,,20.0,,2.1,325.0,-3.1,0.0,3.8
61_129,2026-10-01 12:00:00,강수없음,0.0,0.0,25.0,1.0,적설없음,,20.0,,2.9,314.0,-2.8,0.0,4.1
61_129,2026-10-01 13:00:00,강수없음,0.0,0.0,30.0,1.0,적설없음,,21.0,,3.2,306.0,-2.3,0.0,4.0
61_129,2026-10-01 14:00:00,강수없음,0.0,0.0,30.0,1.0,적설없음,,22.0,,3.5,300.0,-2.0,0.0,4.1
61_129,2026-10-01 15:00:00,강수없음,0,0,30,1,적설없음,,22,,3.1,294,-1.3,0,3.4
61_129,2026-10-01 16:00:00,강수없음,0,0,35,1,적설없음,,21,,2.5,291,-0.9,0,2.7
61_129,2026-10-01 17:00:00,강수없음,0,0,40,1,적설없음,,20,,1.9,287,-0.5,0,2
61_129,2026-10-01 18:00:00,강수없음,0,0,45,1,적설없음,,19,,1.5,281,-0.3,0,1.6
61_129,2026-10-01 19:00:00,강수없음,0,0,45,1,적설없음,,17,,1.7,299,-0.9,0,2
61_129,2026-10-01 20:00:00,강수없음,0,0,45,1,적설없음,,16,,1.7,308,-1.3,0,2.2
61_129,2026-10-01 21:00:00,강수없음,0,0,45,1,적설없음,,15,,1.4,313,-1.3,0,2
61_129,2026-10-01 22:00:00,강수없음,0,0,50,1,적설없음,,14,,1.2,308,-0.9,0,1.6
61_129,2026-10-01 23:00:00,강수없음,0,0,55,1,적설없음,,13,,1.2,308,-0.9,0,1.6
61_129,2026-10-02 00:00:00,강수없음,0,0,55,1,적설없음,,13,,1.2,308,-0.9,0,1.6
61_129,2026-10-02 01:00:00,강수없음,0,0,55,1,적설없음,,12,,1,312,-0.9,0,1.4
61_129,2026-10-02 02:00:00,강수없음,0,0,55,1,적설없음,,12,,1.1,317,-1.2,0,1.7
61_129,2026-10-02 03:00:00,강수없음,0,0,55,1,적설없음,,11,,1,317,-1.1,0,1.6
61_129,2026-10-02 04:00:00,강수없음,0,0,55,1,적설없음,,11,,0.9,322,-1.2,0,1.6
61_129,2026-10-02 05:00:00,강수없음,0,0,60,1,적설없음,,10,,0.9,323,-1.1,0,1.5
61_129,2026-10-02 06:00:00,강수없음,0,0,60,1,적설없음,10.0,10,,0.7,326,-1.1,0,1.4
61_129,2026-10-02 07:00:00,강수없음,0,0,55,1,적설없음,,10,,0.7,333,-1.5,0,1.7
61_129,2026-10-02 08:00:00,강수없음,0,0,50,1,적설없음,,12,,1,330,-1.8,0,2.1
61_129,2026-10-02 09:00:00,강수없음,0,0,45,1,적설없음,,15,,1.3,333,-2.5,0,2.9
61_129,2026-10-02 10:00:00,강수없음,0,0,35,1,적설없음,,17,,1.9,329,-3.1,0,3.7
61_129,2026-10-02 11:00:00,강수없음,0,0,35,1,적설없음,,19,,1.9,330,-3.3,0,3.9
61_129,2026-10-02 12:00:00,강수없음,0,0,30,1,적설없음,,20,,2.1,326,-3.2,0,3.9
61_129,2026-10-02 13:00:00,강수없음,0,0,30,1,적설없음,,21,,1.9,329,-3.2,0,3.8
61_129,2026-10-02 14:00:00,강수없음,0,0,30,1,적설없음,,21,,1.9,324,-2.7,0,3.4
61_129,2026-10-02 15:00:00,강수없음,0,0,30,1,적설없음,,22,22.0,1.9,320,-2.3,0,3.1
61_129,2026-10-02 16:00:00,강수없음,0,0,30,1,적설없음,,21,,1.5,321,-1.9,0,2.5
61_129,2026-10-02 17:00:00,강수없음,0,0,35,1,적설없음,,20,,1.2,317,-1.3,0,1.9
61_129,2026-10-02 18:00:00,강수없음,0,0,45,1,적설없음,,18,,0.9,297,-0.4,0,1.1
61_129,2026-10-02 19:00:00,강수없음,0,0,50,1,적설없음,,16,,0.7,315,-0.7,0,1.1
61_129,2026-10-02 20:00:00,강수없음,0,0,50,1,적설없음,,15,,0.6,323,-0.7,0,1
61_129,2026-10-02 21:00:00,강수없음,0,0,55,1,적설없음,,14,,0.3,336,-0.8,0,0.9
61_129,2026-10-02 22:00:00,강수없음,0,0,55,1,적설없음,,13,,0.3,336,-0.8,0,0.9
61_129,2026-10-02 23:00:00,강수없음,0,0,60,1,적설없음,,13,,0.3,336,-0.8,0,0.9
61_129,2026-10-03 00:00:00,강수없음,0,0,60,1,적설없음,,12,,0,0,-0.8,0,0.8
61_129,2026-10-03 01:00:00,강수없음,0,0,65,1,적설없음,,11,,0,0,-0.8,0,0.8
61_129,2026-10-03 02:00:00,강수없음,0,0,70,1,적설없음,,11,,0,0,-0.8,0,0.8
61_129,2026-10-03 03:00:00,강수없음,0,0,70,1,적설없음,,10,,0,0,-0.4,0,0.4
61_129,2026-10-03 04:00:00,강수없음,0,0,75,1,적설없음,,9,,0,45,0,0,0.1
61_129,2026-10-03 05:00:00,강수없음,0,0,75,1,적설없음,,9,,-0.2,90,0,0,0.3
61_129,2026-10-03 06:00:00,강수없음,0,0,75,1,적설없음,8.0,9,,-0.4,90,0,0,0.5
61_129,2026-10-03 07:00:00,강수없음,0,0,75,1,적설없음,,9,,-0.3,90,0,0,0.4
61_129,2026-10-03 08:00:00,강수없음,0,0,65,1,적설없음,,11,,-0.5,90,0,0,0.6
61_129,2026-10-03 09:00:00,강수없음,0,0,55,1,적설없음,,15,,-0.5,98,0,0,0.7
61_129,2026-10-03 10:00:00,강수없음,0,0,45,1,적설없음,,17,,-0.4,135,0.5,0,0.8
61_129,2026-10-03 11:00:00,강수없음,30,0,40,4,적설없음,,19,,-0.4,139,0.6,0,0.9
61_129,2026-10-03 12:00:00,강수없음,30,0,35,4,적설없음,,20,,-0.4,151,1,0,1.2
61_129,2026-10-03 13:00:00,강수없음,30,0,35,4,적설없음,,21,,-0.4,151,1,0,1.2
61_129,2026-10-03 14:00:00,강수없음,30,0,30,4,적설없음,,22,,-0.3,159,1.2,0,1.3
61_129,2026-10-03 15:00:00,강수없음,30,0,30,4,적설없음,,22,22.0,0,171,1.1,0,1.2
61_129,2026-10-03 16:00:00,강수없음,30,0,30,4,적설없음,,22,,-0.3,156,1,0,1.2
61_129,2026-10-03 17:00:00,강수없음,30,0,35,4,적설없음,,21,,-0.3,153,0.9,0,1.1
61_129,2026-10-03 18:00:00,강수없음,30,0,50,4,적설없음,,19,,-0.2,146,0.5,0,0.7
61_129,2026-10-03 19:00:00,강수없음,30,0,50,4,적설없음,,17,,0,135,0.1,0,0.2
61_129,2026-10-03 20:00:00,강수없음,30,0,55,4,적설없음,,16,,-0.3,90,0,0,0.4
61_129,2026-10-03 21:00:00,강수없음,0,0,60,1,적설없음,,15,,-0.4,90,0,0,0.5
61_129,2026-10-03 22:00:00,강수없음,0,0,60,1,적설없음,,14,,-0.6,90,0,0,0.7
61_129,2026-10-03 23:00:00,강수없음,0,0,65,1,적설없음,,14,,-0.5,90,0,0,0.6
61_129,2026-10-04 00:00:00,강수없음,0,0,65,1,적설없음,,14,,-0.9,95,0,0,1.1
61_129,2026-10-04 03:00:00,0,0,0,75,1,0,,13,,-0.9,105,0.2,0,1
61_129,2026-10-04 06:00:00,0,20,0,75,3,0,13.0,13,,-1,108,0.3,0,1
61_129,2026-10-04 09:00:00,0,20,0,65,3,0,,17,,-1.2,113,0.5,0,1
61_129,2026-10-04 12:00:00,0,10,0,45,3,0,,21,,-1,149,1.9,0,1
61_129,2026-10-04 15:00:00,0,10,0,40,1,0,,23,23.0,0,180,3,0,1
61_129,2026-10-04 18:00:00,0,20,0,55,3,0,,20,,0.7,198,2.1,0,1
61_129,2026-10-04 21:00:00,0,10,0,75,1,0,,17,,0.8,219,1,0,1
61_130,2026-09-30 10:00:00,강수없음,0.0,0.0,65.0,1.0,적설없음,,22.0,,1.2,217.0,1.5,0.0,2.0
61_130,2026-09-30 11:00:00,강수없음,0.0,0.0,60.0,1.0,적설없음,,23.0,,2.0,233.0,1.5,0.0,2.6
61_130,2026-09-30 12:00:00,강수없음,0.0,0.0,55.0,1.0,적설없음,,25.0,,2.3,235.0,1.6,0.0,2.9
61_130,2026-09-30 13:00:00,강수없음,0.0,0.0,50.0,1.0,적설없음,,26.0,,2.8,233.0,2.1,0.0,3.6
61_130,2026-09-30 14:00:00,강수없음,0.0,0.0,45.0,1.0,적설없음,,26.0,,3.3,234.0,2.4,0.0,4.2
61_130,2026-09-30 15:00:00,강수없음,0.0,0.0,45.0,1.0,적설없음,,26.0,,3.6,237.0,2.3,0.0,4.4
61_130,2026-09-30 16:00:00,강수없음,0.0,0.0,50.0,1.0,적설없음,,25.0,,3.3,236.0,2.2,0.0,4.1
61_130,2026-09-30 17:00:00,강수없음,30.0,0.0,60.0,4.0,적설없음,,24.0,,3.0,237.0,1.9,0.0,3.6
61_130,2026-09-30 18:00:00,2.0mm,60.0,1.0,70.0,4.0,적설없음,,22.0,,3.1,234.0,2.2,0.0,3.9
61_130,2026-09-30 19:00:00,8.0mm,60.0,1.0,85.0,4.0,적설없음,,20.0,,3.3,270.0,0.0,0.0,3.3
61_130,2026-09-30 20:00:00,2.0mm,60.0,1.0,90.0,4.0,적설없음,,19.0,,2.9,293.0,-1.2,0.0,3.2
61_130,2026-09-30 21:00:00,강수없음,30.0,0.0,85.0,4.0,적설없음,,18.0,,2.7,307.0,-2.1,0.0,3.5
61_130,2026-09-30 22:00:00,강수없음,0.0,0.0,80.0,1.0,적설없음,,17.0,,2.6,310.0,-2.2,0.0,3.5
61_130,2026-09-30 23:00:00,강수없음,0.0,0.0,75.0,1.0,적설없음,,16.0,,2.6,312.0,-2.4,0.0,3.6
61_130,2026-10-01 00:00:00,강수없음,0.0,0.0,70.0,1.0,적설없음,,15.0,,2.3,312.0,-2.0,0.0,3.1
61_130,2026-10-01 01:00:00,강수없음,0.0,0.0,65.0,1.0,적설없음,,15.0,,2.0,315.0,-2.0,0.0,2.9
61_130,2026-10-01 02:00:00,강수없음,0.0,0.0,60.0,1.0,적설없음,,14.0,,1.7,324.0,-2.4,0.0,3.0
61_130,2026-10-01 03:00:00,강수없음,0.0,0.0,60.0,1.0,적설없음,,13.0,,1.5,326.0,-2.3,0.0,2.8
61_130,2026-10-01 04:00:00,강수없음,0.0,0.0,55.0,1.0,적설없음,,12.0,,1.5,323.0,-2.0,0.0,2.6
61_130,2026-10-01 05:00:00,강수없음,0.0,0.0,50.0,1.0,적설없음,,12.0,,1.3,322.0,-1.7,0.0,2.2
61_130,2026-10-01 06:00:00,강수없음,20.0,0.0,55.0,3.0,적설없음,,11.0,,1.6,318.0,-1.7,0.0,2.4
61_130,2026-10-01 07:00:00,강수없음,30.0,0.0,55.0,4.0,적설없음,,11.0,,1.5,323.0,-1.9,0.0,2.5
61_130,2026-10-01 08:00:00,강수없음,30.0,0.0,50.0,4.0,적설없음,,13.0,,1.2,329.0,-2.1,0.0,2.5
61_130,2026-10-01 09:00:00,강수없음,0.0,0.0,40.0,1.0,적설없음,,16.0,,1.2,333.0,-2.4,0.0,2.8
61_130,2026-10-01 10:00:00,강수없음,0.0,0.0,30.0,1.0,적설없음,,18.0,,1.7,330.0,-2.9,0.0,3.4
61_130,2026-10-01 11:00:00,강수없음,0.0,0.0,25.0,1.0,적설없음,,19.0,,2.0,327.0,-3.1,0.0,3.8
61_130,2026-10-01 12:00:00,강수없음,0.0,0.0,25.0,1.0,적설없음,,20.0,,2.9,315.0,-2.9,0.0,4.2
61_130,2026-10-01 13:00:00,강수없음,0.0,0.0,30.0,1.0,적설없음,,21.0,,3.2,306.0,-2.3,0.0,4.0
61_130,2026-10-01 14:00:00,강수없음,0.0,0.0,30.0,1.0,적설없음,,21.0,,3.4,302.0,-2.1,0.0,4.1
61_130,2026-10-01 15:00:00,강수없음,0,0,35,1,적설없음,,21,,3.1,294,-1.3,0,3.4
61_130,2026-10-01 16:00:00,강수없음,0,0,35,1,적설없음,,21,,2.8,291,-1.1,0,3.1
61_130,2026-10-01 17:00:00,강수없음,0,0,40,1,적설없음,,20,,2,288,-0.6,0,2.2
61_130,2026-10-01 18:00:00,강수없음,0,0,45,1,적설없음,,18,,1.7,289,-0.5,0,1.8
61_130,2026-10-01 19:00:00,강수없음,0,0,45,1,적설없음,,16,,1.8,302,-1.1,0,2.2
61_130,2026-10-01 20:00:00,강수없음,0,0,45,1,적설없음,,15,,1.8,308,-1.4,0,2.4
61_130,2026-10-01 21:00:00,강수없음,0,0,50,1,적설없음,,14,,1.7,309,-1.3,0,2.2
61_130,2026-10-01 22:00:00,강수없음,0,0,55,1,적설없음,,13,,1.4,301,-0.8,0,1.7
61_130,2026-10-01 23:00:00,강수없음,0,0,60,1,적설없음,,12,,1.2,305,-0.8,0,1.5
61_130,2026-10-02 00:00:00,강수없음,0,0,60,1,적설없음,,11,,1.3,308,-1,0,1.7
61_130,2026-10-02 01:00:00,강수없음,0,0,60,1,적설없음,,11,,1.2,308,-0.9,0,1.6
61_130,2026-10-02 02:00:00,강수없음,0,0,60,1,적설없음,,10,,1.2,315,-1.2,0,1.8
61_130,2026-10-02 03:00:00,강수없음,0,0,60,1,적설없음,,10,,1.1,317,-1.2,0,1.7
61_130,2026-10-02 04:00:00,강수없음,0,0,60,1,적설없음,,9,,1,320,-1.3,0,1.7
61_130,2026-10-02 05:00:00,강수없음,0,0,65,1,적설없음,,9,,1,322,-1.3,0,1.7
61_130,2026-10-02 06:00:00,강수없음,0,0,60,1,적설없음,9.0,9,,0.9,324,-1.3,0,1.7
61_130,2026-10-02 07:00:00,강수없음,0,0,60,1,적설없음,,9,,0.9,331,-1.7,0,2
61_130,2026-10-02 08:00:00,강수없음,0,0,55,1,적설없음,,11,,1.1,329,-1.9,0,2.3
61_130,2026-10-02 09:00:00,강수없음,0,0,45,1,적설없음,,15,,1.5,330,-2.5,0,3
61_130,2026-10-02 10:00:00,강수없음,0,0,40,1,적설없음,,17,,1.9,328,-3,0,3.6
61_130,2026-10-02 11:00:00,강수없음,0,0,35,1,적설없음,,18,,1.9,330,-3.3,0,3.9
61_130,2026-10-02 12:00:00,강수없음,0,0,35,1,적설없음,,19,,2.2,326,-3.3,0,4.1
61_130,2026-10-02 13:00:00,강수없음,0,0,30,1,적설없음,,20,,2.2,324,-3.1,0,3.9
61_130,2026-10-02 14:00:00,강수없음,0,0,30,1,적설없음,,21,,2.2,322,-2.9,0,3.7
61_130,2026-10-02 15:00:00,강수없음,0,0,30,1,적설없음,,21,21.0,2,321,-2.4,0,3.2
61_130,2026-10-02 16:00:00,강수없음,0,0,35,1,적설없음,,21,,1.7,318,-1.9,0,2.6
61_130,2026-10-02 17:00:00,강수없음,0,0,35,1,적설없음,,19,,1.2,317,-1.3,0,1.9
61_130,2026-10-02 18:00:00,강수없음,0,0,45,1,적설없음,,17,,0.8,308,-0.6,0,1.1
61_130,2026-10-02 19:00:00,강수없음,0,0,50,1,적설없음,,15,,0.8,318,-0.8,0,1.2
61_130,2026-10-02 20:00:00,강수없음,0,0,55,1,적설없음,,14,,0.6,322,-0.8,0,1.1
61_130,2026-10-02 21:00:00,강수없음,0,0,60,1,적설없음,,13,,0.5,331,-1,0,1.2
61_130,2026-10-02 22:00:00,강수없음,0,0,60,1,적설없음,,12,,0.4,336,-1,0,1.2
61_130,2026-10-02 23:00:00,강수없음,0,0,65,1,적설없음,,11,,0.3,338,-0.9,0,1
61_130,2026-10-03 00:00:00,강수없음,0,0,65,1,적설없음,,11,,0,354,-0.8,0,0.9
61_130,2026-10-03 01:00:00,강수없음,0,0,70,1,적설없음,,10,,0,0,-0.8,0,0.8
61_130,2026-10-03 02:00:00,강수없음,0,0,75,1,적설없음,,9,,0,0,-0.9,0,0.9
61_130,2026-10-03 03:00:00,강수없음,0,0,75,1,적설없음,,9,,0,0,-0.4,0,0.4
61_130,2026-10-03 04:00:00,강수없음,0,0,80,1,적설없음,,8,,0,45,0,0,0.1
61_130,2026-10-03 05:00:00,강수없음,0,0,80,1,적설없음,,7,,-0.1,90,0,0,0.2
61_130,2026-10-03 06:00:00,강수없음,0,0,80,1,적설없음,7.0,7,,-0.4,90,0,0,0.5
61_130,2026-10-03 07:00:00,강수없음,0,0,80,1,적설없음,,7,,-0.3,90,0,0,0.4
61_130,2026-10-03 08:00:00,강수없음,0,0,65,1,적설없음,,11,,-0.5,90,0,0,0.6
61_130,2026-10-03 09:00:00,강수없음,0,0,55,1,적설없음,,14,,-0.4,108,0.1,0,0.6
61_130,2026-10-03 10:00:00,강수없음,0,0,45,1,적설없음,,17,,-0.5,135,0.6,0,0.9
61_130,2026-10-03 11:00:00,강수없음,30,0,40,4,적설없음,,19,,-0.5,142,0.8,0,1.1
61_130,2026-10-03 12:00:00,강수없음,20,0,40,3,적설없음,,20,,-0.4,151,1,0,1.2
61_130,2026-10-03 13:00:00,강수없음,30,0,35,4,적설없음,,21,,-0.5,150,1.1,0,1.3
61_130,2026-10-03 14:00:00,강수없음,0,0,30,1,적설없음,,21,,-0.2,163,1.2,0,1.3
61_130,2026-10-03 15:00:00,강수없음,30,0,30,4,적설없음,,22,22.0,-0.2,163,1.2,0,1.3
61_130,2026-10-03 16:00:00,강수없음,30,0,35,4,적설없음,,21,,-0.3,156,1,0,1.2
61_130,2026-10-03 17:00:00,강수없음,30,0,40,4,적설없음,,20,,-0.3,153,0.9,0,1.1
61_130,2026-10-03 18:00:00,강수없음,30,0,50,4,적설없음,,18,,-0.2,141,0.4,0,0.6
61_130,2026-10-03 19:00:00,강수없음,30,0,55,4,적설없음,,16,,-0.1,90,0,0,0.2
61_130,2026-10-03 20:00:00,강수없음,30,0,60,4,적설없음,,15,,-0.4,90,0,0,0.5
61_130,2026-10-03 21:00:00,강수없음,0,0,65,1,적설없음,,14,,-0.5,90,0,0,0.6
61_130,2026-10-03 22:00:00,강수없음,0,0,65,1,적설없음,,13,,-0.4,90,0,0,0.5
61_130,2026-10-03 23:00:00,강수없음,0,0,70,1,적설없음,,13,,-0.5,90,0,0,0.6
61_130,2026-10-04 00:00:00,강수없음,0,0,70,1,적설없음,,13,,-0.9,100,0.1,0,1.1
61_130,2026-10-04 03:00:00,0,0,0,80,1,0,,12,,-0.9,114,0.4,0,1
61_130,2026-10-04 06:00:00,0,20,0,80,3,0,12.0,12,,-1.1,111,0.4,0,1
61_130,2026-10-04 09:00:00,0,10,0,65,3,0,,16,,-1.2,120,0.8,0,1
61_130,2026-10-04 12:00:00,0,10,0,45,1,0,,21,,-0.9,153,2.1,0,1
61_130,2026-10-04 15:00:00,0,10,0,45,1,0,,23,23.0,0,180,3.2,0,1
61_130,2026-10-04 18:00:00,0,10,0,60,3,0,,19,,0.7,197,2.2,0,1
61_130,2026-10-04 21:00:00,0,10,0,80,1,0,,16,,0.7,225,0.7,0,1
