grid,fcstDateTime,LGT,POP,PTY,REH,RN1,SKY,T1H,UUU,VEC,VVV,WSD
59_127,2026-10-03 21:00:00,0,30,0,65,강수없음,4,17,-0.5,90,0.0,1.0
59_127,2026-10-03 22:00:00,0,20,0,70,강수없음,3,16,-0.9,101,0.2,1.0
59_127,2026-10-03 23:00:00,0,30,0,60,강수없음,4,15,-0.9,112,0.4,1
59_127,2026-10-04 00:00:00,0,20,0,60,강수없음,3,15,-1.2,107,0.4,1
59_127,2026-10-04 01:00:00,0,20,0,70,강수없음,3,16,-1.4,101,0.3,2
59_127,2026-10-04 02:00:00,0,20,0,70,강수없음,3,15,-1.5,104,0.4,2
59_127,2026-10-04 03:00:00,0,0,0,75,강수없음,1,15,-1.6,103,0.4,2
59_127,2026-10-04 04:00:00,0,0,0,75,강수없음,1,15,-1.6,106,0.5,2
59_128,2026-10-03 21:00:00,0,30,0,70,강수없음,4,16,-0.4,90,0.0,1.0
59_128,2026-10-03 22:00:00,0,20,0,70,강수없음,3,15,-0.9,96,0.1,1.0
59_128,2026-10-03 23:00:00,0,20,0,70,강수없음,4,14,-0.4,140,0.6,1
59_128,2026-10-04 00:00:00,0,20,0,70,강수없음,3,14,-0.9,121,0.6,1
59_128,2026-10-04 01:00:00,0,20,0,70,강수없음,3,14,-1.1,120,0.7,1
59_128,2026-10-04 02:00:00,0,20,0,70,강수없음,3,14,-1.5,117,0.8,2
59_128,2026-10-04 03:00:00,0,0,0,75,강수없음,1,14,-1.7,114,0.8,2
59_128,2026-10-04 04:00:00,0,0,0,80,강수없음,1,14,-1.8,113,0.8,2
59_129,2026-10-03 21:00:00,0,30,0,70,강수없음,4,16,-0.6,90,0.0,1.0
59_129,2026-10-03 22:00:00,0,20,0,70,강수없음,3,16,-0.9,96,0.1,1.0
59_129,2026-10-03 23:00:00,0,20,0,75,강수없음,3,15,-0.3,146,0.6,1
59_129,2026-10-04 00:00:00,0,30,0,75,강수없음,4,14,-0.6,139,0.8,1
59_129,2026-10-04 01:00:00,0,20,0,75,강수없음,3,14,-1.1,127,0.9,2
59_129,2026-10-04 02:00:00,0,20,0,75,강수없음,3,14,-1.5,117,0.8,2
59_129,2026-10-04 03:00:00,0,0,0,80,강수없음,1,14,-1.8,122,1.2,2
59_129,2026-10-04 04:00:00,0,0,0,80,강수없음,1,14,-2,115,1,2
60_128,2026-10-03 21:00:00,0,30,0,65,강수없음,4,16,-0.7,111,0.3,1.0
60_128,2026-10-03 22:00:00,0,20,0,70,강수없음,3,16,-1.1,108,0.4,1.0
60_128,2026-10-03 23:00:00,0,20,0,65,강수없음,4,16,0,0,-0.1,0.1
60_128,2026-10-04 00:00:00,0,20,0,70,강수없음,3,15,-0.4,79,0,1
60_128,2026-10-04 01:00:00,0,20,0,70,강수없음,3,15,-0.8,103,0.2,1
60_128,2026-10-04 02:00:00,0,20,0,70,강수없음,3,14,-1.4,105,0.4,2
60_128,2026-10-04 03:00:00,0,0,0,75,강수없음,1,14,-1.5,104,0.4,2
60_128,2026-10-04 04:00:00,0,20,0,80,강수없음,1,14,-1.7,108,0.6,2
60_129,2026-10-03 21:00:00,0,30,0,70,강수없음,4,16,-0.6,106,0.2,1.0
60_129,2026-10-03 22:00:00,0,20,0,70,강수없음,3,15,-1.0,105,0.3,1.0
60_129,2026-10-03 23:00:00,0,20,0,75,강수없음,3,14,-0.1,158,0.5,1
60_129,2026-10-04 00:00:00,0,20,0,75,강수없음,3,14,-0.5,135,0.6,1
60_129,2026-10-04 01:00:00,0,20,0,75,강수없음,3,14,-1,122,0.7,1
60_129,2026-10-04 02:00:00,0,20,0,75,강수없음,1,14,-1.3,120,0.8,2
60_129,2026-10-04 03:00:00,0,0,0,80,강수없음,1,14,-1.6,118,0.9,2
60_129,2026-10-04 04:00:00,0,0,0,80,강수없음,1,14,-1.8,115,0.9,2
60_130,2026-10-03 21:00:00,0,30,0,70,강수없음,4,16,-0.6,98,0.1,1.0
60_130,2026-10-03 22:00:00,0,20,0,70,강수없음,3,15,-0.9,101,0.2,1.0
60_130,2026-10-03 23:00:00,0,30,0,75,강수없음,4,14,-0.3,135,0.4,1
60_130,2026-10-04 00:00:00,0,20,0,75,강수없음,3,13,-0.7,127,0.6,1
60_130,2026-10-04 01:00:00,0,20,0,80,강수없음,3,14,-1.1,124,0.8,1
60_130,2026-10-04 02:00:00,0,0,0,80,강수없음,1,14,-1.4,121,0.9,2
60_130,2026-10-04 03:00:00,0,0,0,80,강수없음,1,14,-1.6,120,1,2
60_130,2026-10-04 04:00:00,0,0,0,80,강수없음,1,14,-1.8,120,1.1,2
61_129,2026-10-03 21:00:00,0,30,0,65,강수없음,4,17,-0.7,104,0.2,1.0
61_129,2026-10-03 22:00:00,0,20,0,65,강수없음,3,16,-0.9,112,0.4,1.0
61_129,2026-10-03 23:00:00,0,20,0,65,강수없음,4,15,-0.2,149,0.5,1
61_129,2026-10-04 00:00:00,0,20,0,65,강수없음,3,15,-0.5,135,0.6,1
61_129,2026-10-04 01:00:00,0,20,0,65,강수없음,3,15,-0.8,132,0.8,1
61_129,2026-10-04 02:00:00,0,20,0,75,강수없음,3,15,-1.1,117,0.6,1
61_129,2026-10-04 03:00:00,0,0,0,75,강수없음,1,15,-1.2,122,0.8,2
61_129,2026-10-04 04:00:00,0,0,0,75,강수없음,1,14,-1.5,117,0.8,2
61_130,2026-10-03 21:00:00,0,30,0,65,강수없음,4,16,-0.7,104,0.2,1.0
61_130,2026-10-03 22:00:00,0,20,0,70,강수없음,3,15,-0.9,101,0.2,1.0
61_130,2026-10-03 23:00:00,0,20,0,65,강수없음,3,15,-0.6,142,0.9,1
61_130,2026-10-04 00:00:00,0,20,0,70,강수없음,3,15,-0.9,132,0.9,1
61_130,2026-10-04 01:00:00,0,20,0,70,강수없음,3,14,-0.9,132,0.9,1
61_130,2026-10-04 02:00:00,0,20,0,80,강수없음,3,14,-1.2,128,1,2
61_130,2026-10-04 03:00:00,0,0,0,80,강수없음,1,13,-1.3,126,1,2
61_130,2026-10-04 04:00:00,0,0,0,80,강수없음,1,13,-1.4,124,1,2
